regionID,iso3c,country_name,incomeID,measurement,units,year,source
ECS,LUX,Luxembourg,HIC,special_waste_agricultural_waste_tons_year,tonnes/year,2014.0,"Eurostat. 2017a. ""Generation of waste by waste category, hazardousness and NACE Rev. 2 activity [env_wasgen]."""
ECS,NOR,Norway,HIC,special_waste_agricultural_waste_tons_year,tonnes/year,2014.0,"Eurostat. 2017a. ""Generation of waste by waste category, hazardousness and NACE Rev. 2 activity [env_wasgen]."""
MEA,MLT,Malta,HIC,special_waste_agricultural_waste_tons_year,tonnes/year,2014.0,"Eurostat. 2017a. ""Generation of waste by waste category, hazardousness and NACE Rev. 2 activity [env_wasgen]."""
EAS,NZL,New Zealand,HIC,special_waste_agricultural_waste_tons_year,tonnes/year,2014.0,"New Zealand, MFE (Ministry for the Environment). 2014. ""New Zealand Non-Municipal Landfill Database."" Tonkin and Taylor Ltd. January. TandT Ref: 29310/ ver5."
EAS,JPN,Japan,HIC,special_waste_agricultural_waste_tons_year,tonnes/year,2010.0,"Modak, Prasad, Agamuthu Pariatamby, Jeffrey Seadon, Perinaz Bhada-Tata, Guilberto Borongan, Nang Sian Thawn, Ma. Bernadeth Lim. 2017. ""Asia Waste Management Outlook"". Edited by P. Modak. United Nations Environment Programme (UNEP), Asian Institute of Technology (AIT), and International Solid Waste Association (ISWA)."
MEA,JOR,Jordan,LMC,special_waste_agricultural_waste_tons_year,tonnes/year,2014.0,"GIZ and SWEEP-Net. 2014d. ""Country Report on the Solid Waste Management in Jordan."" German Corporation for International Cooperation [Deutsche Gesellschaft für Internationale Zusammenarbeit GmbH (GIZ)] and Regional Solid Waste Exchange of Information and Expertise Network in Mashreq and Maghreb Countries (SWEEP-Net), on behalf of the German Federal Ministry for Economic Cooperation and Development [Bundesministerium für wirtschaftliche Zusammenarbeit und Entwicklung (BMZ)]. April."
ECS,UKR,Ukraine,LMC,special_waste_agricultural_waste_tons_year,tonnes/year,2015.0,"GIZ (Deutsche Gesellschaft für Internationale Zusammenarbeit GmbH). 2016. ""National Waste Management Strategy for Ukraine- Preliminary Draft National Waste Management Strategy."" GIZ [Deutsche Gesellschaft für Internationale Zusammenarbeit]. Programme to Support the Green Modernisation of the Ukrainian Economy. Kiev, December."
ECS,ROU,Romania,UMC,special_waste_agricultural_waste_tons_year,tonnes/year,2014.0,"Eurostat. 2017a. ""Generation of waste by waste category, hazardousness and NACE Rev. 2 activity [env_wasgen]."""
ECS,SWE,Sweden,HIC,special_waste_agricultural_waste_tons_year,tonnes/year,2014.0,"Eurostat. 2017a. ""Generation of waste by waste category, hazardousness and NACE Rev. 2 activity [env_wasgen]."""
ECS,BEL,Belgium,HIC,special_waste_agricultural_waste_tons_year,tonnes/year,2014.0,"Eurostat. 2017a. ""Generation of waste by waste category, hazardousness and NACE Rev. 2 activity [env_wasgen]."""
ECS,MKD,"Macedonia, FYR",UMC,special_waste_agricultural_waste_tons_year,tonnes/year,2014.0,"Eurostat. 2017a. ""Generation of waste by waste category, hazardousness and NACE Rev. 2 activity [env_wasgen]."""
ECS,FIN,Finland,HIC,special_waste_agricultural_waste_tons_year,tonnes/year,2014.0,"Eurostat. 2017a. ""Generation of waste by waste category, hazardousness and NACE Rev. 2 activity [env_wasgen]."""
MEA,IRN,"Iran, Islamic Rep.",UMC,special_waste_agricultural_waste_tons_year,tonnes/year,2005.0,"Modak, Prasad, Agamuthu Pariatamby, Jeffrey Seadon, Perinaz Bhada-Tata, Guilberto Borongan, Nang Sian Thawn, Ma. Bernadeth Lim. 2017. ""Asia Waste Management Outlook"". Edited by P. Modak. United Nations Environment Programme (UNEP), Asian Institute of Technology (AIT), and International Solid Waste Association (ISWA)."
EAS,MYS,Malaysia,UMC,special_waste_agricultural_waste_tons_year,tonnes/year,1997.0,"Modak, Prasad, Agamuthu Pariatamby, Jeffrey Seadon, Perinaz Bhada-Tata, Guilberto Borongan, Nang Sian Thawn, Ma. Bernadeth Lim. 2017. ""Asia Waste Management Outlook"". Edited by P. Modak. United Nations Environment Programme (UNEP), Asian Institute of Technology (AIT), and International Solid Waste Association (ISWA)."
EAS,IDN,Indonesia,LMC,special_waste_agricultural_waste_tons_year,tonnes/year,1997.0,"Modak, Prasad, Agamuthu Pariatamby, Jeffrey Seadon, Perinaz Bhada-Tata, Guilberto Borongan, Nang Sian Thawn, Ma. Bernadeth Lim. 2017. ""Asia Waste Management Outlook"". Edited by P. Modak. United Nations Environment Programme (UNEP), Asian Institute of Technology (AIT), and International Solid Waste Association (ISWA)."
NAC,CAN,Canada,HIC,special_waste_agricultural_waste_tons_year,tonnes/year,2006.0,"Canada, Statistics Canada. 2012. ""Human Activity and the Environment: Waste Management in Canada."" Catalogue no. 16-201-X. Ottawa, September."
ECS,ISL,Iceland,HIC,special_waste_agricultural_waste_tons_year,tonnes/year,2013.0,"Iceland, Statistics Iceland. 2015. ""Statistical Yearbook of Iceland 2015"". [Landshagir 2015]. Statistics of Iceland III, 108 [Hagskýrslur Íslands III, 108]. Statistics Iceland [Hagstofa Íslands], Government of Iceland."
ECS,ARM,Armenia,LMC,special_waste_agricultural_waste_tons_year,tonnes/year,2015.0,"Armenia National Statistical Service. 2015. Accessed July 20, 2017. http://armstatbank.am/pxweb/en/ArmStatBank/ArmStatBank__8%20Environment%20and%20energy__Environment__(I)%20Waste/EE-i1-2-2015.px/table/tableViewLayout2/?rxid=002cc9e9-1bc8-4ae6-aaa3-40c0e377450a."
ECS,XKX,Kosovo,LMC,special_waste_agricultural_waste_tons_year,tonnes/year,2015.0,"Eurostat. 2017a. ""Generation of waste by waste category, hazardousness and NACE Rev. 2 activity [env_wasgen]."""
ECS,NLD,Netherlands,HIC,special_waste_agricultural_waste_tons_year,tonnes/year,2014.0,"Eurostat. 2017a. ""Generation of waste by waste category, hazardousness and NACE Rev. 2 activity [env_wasgen]."""
ECS,CYP,Cyprus,HIC,special_waste_agricultural_waste_tons_year,tonnes/year,2015.0,"Eurostat. 2017a. ""Generation of waste by waste category, hazardousness and NACE Rev. 2 activity [env_wasgen]."""
ECS,DNK,Denmark,HIC,special_waste_agricultural_waste_tons_year,tonnes/year,2015.0,"Eurostat. 2017a. ""Generation of waste by waste category, hazardousness and NACE Rev. 2 activity [env_wasgen]."""
ECS,HRV,Croatia,UMC,special_waste_agricultural_waste_tons_year,tonnes/year,2015.0,"Eurostat. 2017a. ""Generation of waste by waste category, hazardousness and NACE Rev. 2 activity [env_wasgen]."""
SAS,PAK,Pakistan,LMC,special_waste_agricultural_waste_tons_year,tonnes/year,2013.0,"Saeed, M. A., A. Irshad, H. Sattar, G.E. Andrews, H.N. Phylaktou, and B.M. Gibbs. 2015. ""Agricultural Waste Biomass Energy Potential in Pakistan."""
MEA,EGY,"Egypt, Arab Rep.",LMC,special_waste_agricultural_waste_tons_year,tonnes/year,2012.0,"GIZ and SWEEP-Net. 2014c. ""Country Report on the Solid Waste Management in Egypt."" German Corporation for International Cooperation [Deutsche Gesellschaft für Internationale Zusammenarbeit GmbH (GIZ)] and Regional Solid Waste Exchange of Information and Expertise Network in Mashreq and Maghreb Countries (SWEEP-Net), on behalf of the German Federal Ministry for Economic Cooperation and Development [Bundesministerium für wirtschaftliche Zusammenarbeit und Entwicklung (BMZ)]. April."
MEA,ARE,United Arab Emirates,HIC,special_waste_agricultural_waste_tons_year,tonnes/year,2015.0,"Abu Dhabi SCAD (Statistics Centre Abu Dhabi). 2016. ""Waste Statistics 2015."""
ECS,KGZ,Kyrgyz Republic,LMC,special_waste_agricultural_waste_tons_year,tonnes/year,2010.0,"Anon. 2012. ""Waste production and disposal in the Kyrgyz Republic."" Waste Statistics Seminar. Geneva, April 11‐13."
ECS,AUT,Austria,HIC,special_waste_agricultural_waste_tons_year,tonnes/year,2014.0,"Eurostat. 2017a. ""Generation of waste by waste category, hazardousness and NACE Rev. 2 activity [env_wasgen]."""
ECS,EST,Estonia,HIC,special_waste_agricultural_waste_tons_year,tonnes/year,2015.0,"Eurostat. 2017a. ""Generation of waste by waste category, hazardousness and NACE Rev. 2 activity [env_wasgen]."""
ECS,GBR,United Kingdom,HIC,special_waste_agricultural_waste_tons_year,tonnes/year,2014.0,"Eurostat. 2017a. ""Generation of waste by waste category, hazardousness and NACE Rev. 2 activity [env_wasgen]."""
ECS,DEU,Germany,HIC,special_waste_agricultural_waste_tons_year,tonnes/year,2014.0,"Eurostat. 2017a. ""Generation of waste by waste category, hazardousness and NACE Rev. 2 activity [env_wasgen]."""
ECS,IRL,Ireland,HIC,special_waste_agricultural_waste_tons_year,tonnes/year,2014.0,"Eurostat. 2017a. ""Generation of waste by waste category, hazardousness and NACE Rev. 2 activity [env_wasgen]."""
ECS,BGR,Bulgaria,UMC,special_waste_agricultural_waste_tons_year,tonnes/year,2015.0,"Eurostat. 2017a. ""Generation of waste by waste category, hazardousness and NACE Rev. 2 activity [env_wasgen]."""
ECS,ITA,Italy,HIC,special_waste_agricultural_waste_tons_year,tonnes/year,2014.0,"Eurostat. 2017a. ""Generation of waste by waste category, hazardousness and NACE Rev. 2 activity [env_wasgen]."""
ECS,SRB,Serbia,UMC,special_waste_agricultural_waste_tons_year,tonnes/year,2014.0,"Eurostat. 2017a. ""Generation of waste by waste category, hazardousness and NACE Rev. 2 activity [env_wasgen]."""
ECS,LTU,Lithuania,HIC,special_waste_agricultural_waste_tons_year,tonnes/year,2014.0,"Eurostat. 2017a. ""Generation of waste by waste category, hazardousness and NACE Rev. 2 activity [env_wasgen]."""
SAS,BGD,Bangladesh,LMC,special_waste_agricultural_waste_tons_year,tonnes/year,2007.0,"Anon. 2010. ""Country Presentation Bangladesh."" 2nd Meeting of the Regional 3R Forum in Asia. Kuala Lumpur. October 4-6."
MEA,TUN,Tunisia,LMC,special_waste_agricultural_waste_tons_year,tonnes/year,2014.0,"GIZ and SWEEP-Net. 2014h. ""Country Report on the Solid Waste Management in Tunisia."" German Corporation for International Cooperation [Deutsche Gesellschaft für Internationale Zusammenarbeit GmbH (GIZ)] and Regional Solid Waste Exchange of Information and Expertise Network in Mashreq and Maghreb Countries (SWEEP-Net), on behalf of the German Federal Ministry for Economic Cooperation and Development (BMZ). April."
MEA,PSE,West Bank and Gaza,LMC,special_waste_agricultural_waste_tons_year,tonnes/year,2014.0,"GIZ and SWEEP-Net. 2014g. ""Country Report on the Solid Waste Management in Occupied Palestinian Territories."" German Corporation for International Cooperation [Deutsche Gesellschaft für Internationale Zusammenarbeit GmbH (GIZ)] and Regional Solid Waste Exchange of Information and Expertise Network in Mashreq and Maghreb Countries (SWEEP-Net), on behalf of the German Federal Ministry for Economic Cooperation and Development (BMZ). April."
ECS,FRA,France,HIC,special_waste_agricultural_waste_tons_year,tonnes/year,2014.0,"Eurostat. 2017a. ""Generation of waste by waste category, hazardousness and NACE Rev. 2 activity [env_wasgen]."""
ECS,HUN,Hungary,HIC,special_waste_agricultural_waste_tons_year,tonnes/year,2014.0,"Eurostat. 2017a. ""Generation of waste by waste category, hazardousness and NACE Rev. 2 activity [env_wasgen]."""
EAS,CHN,China,UMC,special_waste_agricultural_waste_tons_year,tonnes/year,2011.0,"Takeda, Nobou, Wei Wang and Masaki Takaoka, eds. 2014. Solid Waste Management, Urban Environment 3. Kyoto University Press."
SAS,AFG,Afghanistan,LIC,special_waste_agricultural_waste_tons_year,tonnes/year,2009.0,"Milbrandt, Anelia, and Ralph Overend. 2011. ""Assessment of Biomass Resources in Afghanistan."" NREL (National Renewable Energy Laboratory). NREL/TP-6A20-49358. January."
ECS,ESP,Spain,HIC,special_waste_agricultural_waste_tons_year,tonnes/year,2014.0,"Eurostat. 2017a. ""Generation of waste by waste category, hazardousness and NACE Rev. 2 activity [env_wasgen]."""
ECS,PRT,Portugal,HIC,special_waste_agricultural_waste_tons_year,tonnes/year,2014.0,"Eurostat. 2017a. ""Generation of waste by waste category, hazardousness and NACE Rev. 2 activity [env_wasgen]."""
ECS,GRC,Greece,HIC,special_waste_agricultural_waste_tons_year,tonnes/year,2014.0,"Eurostat. 2017a. ""Generation of waste by waste category, hazardousness and NACE Rev. 2 activity [env_wasgen]."""
EAS,THA,Thailand,UMC,special_waste_agricultural_waste_tons_year,tonnes/year,2004.0,"Modak, Prasad, Agamuthu Pariatamby, Jeffrey Seadon, Perinaz Bhada-Tata, Guilberto Borongan, Nang Sian Thawn, Ma. Bernadeth Lim. 2017. ""Asia Waste Management Outlook"". Edited by P. Modak. United Nations Environment Programme (UNEP), Asian Institute of Technology (AIT), and International Solid Waste Association (ISWA)."
ECS,SVK,Slovak Republic,HIC,special_waste_agricultural_waste_tons_year,tonnes/year,2014.0,"Eurostat. 2017a. ""Generation of waste by waste category, hazardousness and NACE Rev. 2 activity [env_wasgen]."""
ECS,LIE,Liechtenstein,HIC,special_waste_agricultural_waste_tons_year,tonnes/year,2014.0,"Eurostat. 2017a. ""Generation of waste by waste category, hazardousness and NACE Rev. 2 activity [env_wasgen]."""
ECS,SVN,Slovenia,HIC,special_waste_agricultural_waste_tons_year,tonnes/year,2014.0,"Eurostat. 2017a. ""Generation of waste by waste category, hazardousness and NACE Rev. 2 activity [env_wasgen]."""
ECS,POL,Poland,HIC,special_waste_agricultural_waste_tons_year,tonnes/year,2014.0,"Eurostat. 2017a. ""Generation of waste by waste category, hazardousness and NACE Rev. 2 activity [env_wasgen]."""
ECS,LVA,Latvia,HIC,special_waste_agricultural_waste_tons_year,tonnes/year,2014.0,"Eurostat. 2017a. ""Generation of waste by waste category, hazardousness and NACE Rev. 2 activity [env_wasgen]."""
ECS,CZE,Czech Republic,HIC,special_waste_agricultural_waste_tons_year,tonnes/year,2015.0,"Eurostat. 2017a. ""Generation of waste by waste category, hazardousness and NACE Rev. 2 activity [env_wasgen]."""
SAS,MDV,Maldives,UMC,waste_treatment_compost_percent,tonnes/year,2016.0,"Maldives, MEE (Ministry of Environment and Energy). 2017b. ""State of the Environment 2016,"" by M. Mohamed. Ministry of Environment and Energy (MEE), Government of Maldives. Malé. ISBN: 978-99915-59-35-3"
EAS,VNM,Vietnam,LMC,waste_treatment_compost_percent,tonnes/year,2013.0,"Vietnam WENID (Waste Management and Environment Improvement Department). 2013. ""Country Analysis Paper."" Paper presented at the Fourth Regional 3R Forum in Asia, “3Rs in the Context of Rio+20 Outcomes: The Future We Want,” Hanoi, March 18–20."
LCN,CHL,Chile,HIC,waste_treatment_compost_percent,tonnes/year,2009.0,"Chile, CONAMA (National Environmental Commission [Comisión Nacional de Medio Ambiente]). 2010. ""First Report on Solid Waste Management in Chile"" [""Primer Reporte del Manejo de Residuos Sólidos en Chile""]. National Environmental Commission [Comision Nacional de Medio Ambiente (CONAMA)], Government of Chile."
ECS,TUR,Turkey,UMC,waste_treatment_compost_percent,tonnes/year,2015.0,"OECD (Organisation for Economic Co-operation and Development). 2017. ""Municipal Waste (Indicator)."" OECD Data, Organisation for Economic Co-operation and Development (OECD). Accessed October 24, 2017. https://data.oecd.org/waste/municipal-waste.htm."
EAS,MHL,Marshall Islands,UMC,waste_treatment_compost_percent,tonnes/year,2007.0,"UNSD (United Nations Statistics Division). 2016b. ""Environmental Indicators: Waste. Municipal Waste Treated."" United Nations Statistics Division (UNSD), United Nations. November. http://unstats.un.org/unsd/ENVIRONMENT/qindicators.htm."
LCN,BOL,Bolivia,LMC,waste_treatment_compost_percent,tonnes/year,2015.0,"Bolivia, MMAyA/VAPSB/DGGIRS. 2016. ""National Infrastructure Program for Solid Waste Management, 2017–2020"" [""Programa Nacional de Infraestructuras en Gestión Integral de Residuos Sólidos, 2017–2020""]. General Directorate of Integrated Solid Waste Management, Sub-Ministry of Potable Water and Basic Sanitation, Ministry of Environment and Water [Dirección General de Gestión Integral de Residuos Sólidos, Viceministerio de Agua Potable y Saneamiento Básico, Ministerio de Medio Ambiente y Agua], Government of Bolivia."
LCN,LCA,St. Lucia,UMC,waste_treatment_compost_percent,tonnes/year,2010.0,"St. Lucia Government Statistics Department. 2011. ""2010 Population and Housing Census, Preliminary Report."" April."
SAS,IND,India,LMC,waste_treatment_compost_percent,tonnes/year,2016.0,"India CPCB (Central Pollution Control Board). 2017a. “Consolidated Annual Review Report on Implementation of Solid Wastes Management Rules, 2016 – Annual Review Report 2015-16.” Government of India Ministry of Environment, Forests and Climate Change. May."
ECS,CHI,Channel Islands,HIC,waste_treatment_compost_percent,tonnes/year,2016.0,"States of Guernsey. 2017. ""Guernsey Facts and Figures 2017."" States of Guernsey Data and Analysis. https://www.gov.gg/CHttpHandler.ashx?id=110282andp=0"
SAS,BTN,Bhutan,LMC,waste_treatment_compost_percent,tonnes/year,2016.0,"Bhutan, National Environment Commission. 2016. ""Bhutan State of Environment Report 2016."" ISBN # 978-99936-865-5-2."
MEA,LBN,Lebanon,UMC,waste_treatment_compost_percent,tonnes/year,2014.0,"GIZ and SWEEP-Net. 2014e. ""Country Report on the Solid Waste Management in Lebanon."" German Corporation for International Cooperation [Deutsche Gesellschaft für Internationale Zusammenarbeit GmbH (GIZ)] and Regional Solid Waste Exchange of Information and Expertise Network in Mashreq and Maghreb Countries (SWEEP-Net), on behalf of the German Federal Ministry for Economic Cooperation and Development (BMZ). April."
SAS,NPL,Nepal,LIC,waste_treatment_compost_percent,tonnes/year,2013.0,"ADB (Asian Development Bank). 2013b. ""Solid Waste Management in Nepal: Current Status and Policy Recommendations."" Mandaluyong City, Philippines: Asian Development Bank (ADB)."
EAS,KOR,"Korea, Rep.",HIC,waste_treatment_compost_percent,tonnes/year,2014.0,"OECD (Organisation for Economic Co-operation and Development). 2017. ""Municipal Waste (Indicator)."" OECD Data, Organisation for Economic Co-operation and Development (OECD). Accessed May 28, 2017. https://data.oecd.org/waste/municipal-waste.htm."
LCN,TTO,Trinidad and Tobago,HIC,waste_treatment_compost_percent,tonnes/year,2011.0,"Trinidad and Tobago, EMA (Environmental Management Authority). n.d. ""State of the Environment Report, 2011."" Environmental Management Authority (EMA), Government of Trinidad and Tobago."
LCN,ATG,Antigua and Barbuda,HIC,waste_treatment_compost_percent,tonnes/year,2011.0,"Antigua and Barbuda, Statistics Divison. 2014. ""Antigua and Barbuda 2011 Population and Housing Census– Book of Statistical Tables."" April."
MEA,MAR,Morocco,LMC,waste_treatment_compost_percent,tonnes/year,2014.0,"GIZ and SWEEP-Net. 2014f. ""Country Report on the Solid Waste Management in Morocco."" German Corporation for International Cooperation [Deutsche Gesellschaft für Internationale Zusammenarbeit GmbH (GIZ)] and Regional Solid Waste Exchange of Information and Expertise Network in Mashreq and Maghreb Countries (SWEEP-Net), on behalf of the German Federal Ministry for Economic Cooperation and Development (BMZ). April."
MEA,SYR,Syrian Arab Republic,LMC,waste_treatment_compost_percent,tonnes/year,2010.0,"GIZ and SWEEP-Net. 2010b. ""Country Report on the Solid Waste Management in Syria."" Deutsche Gesellschaft für Internationale Zusammenarbeit GmbH (GIZ) and Regional Solid Waste Exchange of Information and Expertise Network in Mashreq and Maghreb Countries (SWEEP-Net), on behalf of the German Federal Ministry for Economic Cooperation and Development (BMZ). July."
ECS,CHE,Switzerland,HIC,waste_treatment_compost_percent,tonnes/year,2015.0,"OECD (Organisation for Economic Co-operation and Development). 2017. ""Municipal Waste (Indicator)."" OECD Data, Organisation for Economic Co-operation and Development (OECD). Accessed May 28, 2017. https://data.oecd.org/waste/municipal-waste.htm."
SSF,TGO,Togo,LIC,waste_treatment_compost_percent,tonnes/year,2012.0,"UNSD (United Nations Statistics Division). 2016b. ""Environmental Indicators: Waste. Municipal Waste Treated."" United Nations Statistics Division (UNSD), United Nations. November. http://unstats.un.org/unsd/ENVIRONMENT/qindicators.htm."
SSF,MUS,Mauritius,UMC,waste_treatment_compost_percent,tonnes/year,2012.0,"UNSD (United Nations Statistics Division). 2016b. ""Environmental Indicators: Waste. Municipal Waste Treated."" United Nations Statistics Division (UNSD), United Nations. November. http://unstats.un.org/unsd/ENVIRONMENT/qindicators.htm."
MEA,DZA,Algeria,UMC,waste_treatment_compost_percent,tonnes/year,2013.0,"GIZ and SWEEP-Net. 2014a. ""Country Report on the Solid Waste Management in Algeria."" German Corporation for International Cooperation [Deutsche Gesellschaft für Internationale Zusammenarbeit GmbH (GIZ)] and Regional Solid Waste Exchange of Information and Expertise Network in Mashreq and Maghreb Countries (SWEEP-Net), on behalf of the German Federal Ministry for Economic Cooperation and Development [Bundesministerium für wirtschaftliche Zusammenarbeit und Entwicklung (BMZ)]. April."
EAS,BRN,Brunei Darussalam,HIC,waste_treatment_compost_percent,tonnes/year,2014.0,"Shams. S., R. H. M. Juani and Z.Guo. 2014. ""Integrated and sustainable solid waste management for Brunei Darussalam."" DOI: 10.1049/cp.2014.1066. https://www.researchgate.net/publication/272042749_Integrated_and_sustainable_solid_waste_management_for_Brunei_Darussalam"
LCN,VCT,St. Vincent and the Grenadines,UMC,waste_treatment_compost_percent,tonnes/year,2012.0,"St. Vincent and the Grenadines, Statistical Office. 2012. ""2012 Compendium of Environmental Statistics."" Central Planning Division. Ministry of Economic Planning, Sustainabe Development, Industry, Information and Labour. Kingstown. http://www.cwsasvg.com/contactus.html"
LCN,BRA,Brazil,UMC,waste_treatment_compost_percent,tonnes/year,2015.0,"Brazil SNIS (National Sanitation Information System). 2017. ""Diagnosis of Urban Solid Waste Management - 2015."" [SNIS (Sistema Nacional de Informações sobre Saneamento). 2017. ""Diagnóstico do Manejo de Resíduos Sólidos Urbanos – 2015""]. Ministry of Cities, National Secretariat of Environmental Sanitation [Ministério das Cidades, Secretaria Nacional de Saneamento Ambiental]."
SAS,LKA,Sri Lanka,LMC,waste_treatment_compost_percent,tonnes/year,2016.0,"Sri Lanka, Ministry of Mahaweli Development and Environment. 2016. ""Comprehensive Integrated Solid Waste Management Plan for Target Provinces in Sri Lanka."" Ministry of Mahaweli Development and Environment, Government of Sri Lanka. May."
NAC,BMU,Bermuda,HIC,waste_treatment_compost_percent,tonnes/year,2012.0,"UNSD (United Nations Statistics Division). 2016b. ""Environmental Indicators: Waste. Municipal Waste Treated."" United Nations Statistics Division (UNSD), United Nations. November. http://unstats.un.org/unsd/ENVIRONMENT/qindicators.htm."
SSF,MDG,Madagascar,LIC,waste_treatment_compost_percent,tonnes/year,2007.0,"UNSD (United Nations Statistics Division). 2016b. ""Environmental Indicators: Waste. Municipal Waste Treated."" United Nations Statistics Division (UNSD), United Nations. November. http://unstats.un.org/unsd/ENVIRONMENT/qindicators.htm."
LCN,GRD,Grenada,UMC,waste_treatment_compost_percent,tonnes/year,2011.0,"Grenada, Population and Housing Census. 2011. http://finance.gd/images/Censussubmissionfinal.pdf."
ECS,BIH,Bosnia and Herzegovina,UMC,special_waste_construction_and_demolition_waste_tons_year,tonnes/year,2014.0,"Bosnia and Herzegovina. 2014. ""First release: Generated construction and demolition waste."""
NAC,USA,United States,HIC,special_waste_construction_and_demolition_waste_tons_year,tonnes/year,2014.0,"US EPA (Environmental Protection Agency). 2014. ""Advancing Sustainable Materials Management: 2014 Fact Sheet: Assessing Trends in Material Generation, Recycling, Composting, Combustion with Energy Recovery and Landfilling in the United States."" Office of Land and Emergency Management (OLEM), Environmental Protection Agency (EPA), Government of the United States of America."
EAS,SGP,Singapore,HIC,special_waste_construction_and_demolition_waste_tons_year,tonnes/year,2017.0,"Singapore, NEA (National Environment Agency). 2017. ""Waste Statistics and Overall Recycling."" National Environment Agency (NEA), Government of Singapore. http://www.nea.gov.sg/energy-waste/waste-management/waste-statistics-and-overall-recycling."
ECS,MDA,Moldova,LMC,special_waste_construction_and_demolition_waste_tons_year,tonnes/year,2010.0,"Anon. 2013. ""STRATEGY WASTE MANAGEMENT IN THE REPUBLIC OF MOLDOVA FOR THE YEARS 2013-2027"" [""STRATEGIA DE GESTIONARE A DEŞEURILOR ÎN REPUBLICA MOLDOVA PENTRU ANII 2013-2027""]. Annex to the Government Decision no. 248 of 10 April 2013 [Anexă la Hotărîrea Guvernului nr. 248 din 10 aprilie 2013]."
ECS,MNE,Montenegro,UMC,special_waste_construction_and_demolition_waste_tons_year,tonnes/year,2015.0,"Montenegro, MRT (Ministry of Sustainable Development and Tourism). 2014. ""Waste Management Plan 2014 – 2020 of Montenegro."" Draft (working) Document. Version_v01. February 19."
MEA,QAT,Qatar,HIC,special_waste_construction_and_demolition_waste_tons_year,tonnes/year,2014.0,"Qatar, MDPS (Ministry of Development Planning and Statistics). 2014. ""Environment Statistics Annual Report 2013."" Ministry of Development Planning and Statistics, Government of Qatar. August. http://www.mdps.gov.qa."
ECS,IMN,Isle of Man,HIC,special_waste_construction_and_demolition_waste_tons_year,tonnes/year,2011.0,"Isle of Man, Department of Infrastructure. n.d. ""Waste Policy and Strategy, 2012 to 2022."" Waste Management, Department of Infrastructure, Government of Isle of Man. https://www.gov.im/media/472034/waste_strategy.pdf."
MEA,KWT,Kuwait,HIC,special_waste_construction_and_demolition_waste_tons_year,tonnes/year,2008.0,"AFED (Arab Forum for Environment and Development). 2008. ""Arab Environment: Future Challenges. 2008 Report of the Arab Forum for Environment and Development."" Edited by Mostafa K. Tolba and Najib W. Saab."
EAS,AUS,Australia,HIC,special_waste_construction_and_demolition_waste_tons_year,tonnes/year,2015.0,"Australia, Department of the Environment and Energy. 2017. ""Australian National Waste Report 2016."" Department of the Environmentand Energy and Blue Environment Pty Ltd."
ECS,GIB,Gibraltar,HIC,special_waste_construction_and_demolition_waste_tons_year,tonnes/year,2013.0,"Gibraltar, Ministry for the Environment. 2017. ""Gibraltar Waste Management Plan 2013."" Environmental Agency Gibraltar and Department of the Environment, Ministry for the Environment, Government of Gibraltar. Adopted December 2013. Revised December 2017. http://environmental-agency.gi/wp-content/uploads/2016/04/WasteManagementPlan2013.pdf."
LCN,BRB,Barbados,HIC,special_waste_construction_and_demolition_waste_tons_year,tonnes/year,2011.0,"Burnside. 2014. ""Preliminary Draft: Waste Characterization Report: Mangrove Pond Green Energy Complex."" R. J. Burnside International Limited for the Sanitation Service Authority, Government of Barbados. St. James, January."
ECS,ALB,Albania,UMC,special_waste_construction_and_demolition_waste_tons_year,tonnes/year,2016.0,"Albania, INSTAT (Institute of Statistics). 2017. ""Urban and Insert Solid Wastes."" Institute of Statistics (INSTAT), Government of Albania. http://www.instat.gov.al/en/themes/environment-and-energy/environment/#tab2"
EAS,MAC,"Macao SAR, China",HIC,special_waste_construction_and_demolition_waste_tons_year,tonnes/year,2016.0,Macao. 2014. Report on the State of the Environment of Macao 2014. http://www.dspa.gov.mo/StateReportHTML/2014/pdf/en/04.pdf 
EAS,MNG,Mongolia,LMC,special_waste_construction_and_demolition_waste_tons_year,tonnes/year,2016.0,"Modak, Prasad, Agamuthu Pariatamby, Jeffrey Seadon, Perinaz Bhada-Tata, Guilberto Borongan, Nang Sian Thawn, Ma. Bernadeth Lim. 2017. ""Asia Waste Management Outlook"". Edited by P. Modak. United Nations Environment Programme (UNEP), Asian Institute of Technology (AIT), and International Solid Waste Association (ISWA)."
MEA,OMN,Oman,HIC,special_waste_construction_and_demolition_waste_tons_year,tonnes/year,2009.0,"Be'ah (Oman Environmental Service Holding Company S.A.O.C). 2016. ""Transformation of Waste Management in Oman."" Paper presented by Mohammed al-Harthy at ISWA Energy Recovery WG Meeting, May 25, West Palm Beach, Florida."
LCN,MEX,Mexico,UMC,special_waste_construction_and_demolition_waste_tons_year,tonnes/year,2011.0,"Mexican Chamber of the Construction Industry. n.d. ""Waste Management Plan for Construction and Demolition."" [Cámara Mexicana de la Industria de la Construcción. ""Plan de Manejo de Residuos de La Construcción y la Demolición""]."
EAS,HKG,"Hong Kong SAR, China",HIC,special_waste_construction_and_demolition_waste_tons_year,tonnes/year,2015.0,"Hong Kong, Environmental Protection Department, Statistics Unit. 2016b. ""Monitoring of Solid Waste in Hong Kong: Waste Statistics for 2015."" December."
MEA,LBY,Libya,UMC,special_waste_construction_and_demolition_waste_tons_year,tonnes/year,2010.0,"Ali, Ashraf, and Chukwunonye Ezeah. 2017. ""Framework for Management of Post-Conflict Waste in Libya."" European Scientific Journal February 2017 edition vol.13, No.5 ISSN: 1857 – 7881 (Print) e - ISSN 1857- 7431. doi: 10.19044/esj.2017.v13n5p32."
LCN,CRI,Costa Rica,UMC,special_waste_construction_and_demolition_waste_tons_year,tonnes/year,2008.0,"UICN (International Union for the Conservation of Nature and Natural Resources). 2011. ""Debris and other construction waste management guide."" [UICN (Unión Internacional para la Conservación de la Naturaleza y de los Recursos Naturales ). 2011. ""Guía de manejo de escombros y otros residuos de la construcción""]. UICN, Oficina Regional para Mesoamérica y la Iniciativa Caribe. San José."
MEA,BHR,Bahrain,HIC,special_waste_construction_and_demolition_waste_tons_year,tonnes/year,2009.0,"Al Sabbagh, Maram K., Costas A. Velis, David C. Wilson, and Christopher R. Cheeseman. 2012. ""Resource management performance in Bahrain: A systematic analysis of municipal waste management, secondary material flows and organizational aspects."" Waste Management and Research 30(8) 813– 824. http://journals.sagepub.com/doi/pdf/10.1177/0734242X12441962"
MEA,ISR,Israel,HIC,special_waste_construction_and_demolition_waste_tons_year,tonnes/year,2015.0,"Israel, Ministry of Environmental Protection. 2015. ""Construction and Demolition Waste."" "
ECS,BLR,Belarus,UMC,waste_treatment_controlled_landfill_percent,tonnes/year,2016.0,"Belarus, Ministry of Housing and Utility. 2017b. ""Report on sanitation of cities and populated areas for 2016."""
LCN,JAM,Jamaica,UMC,waste_treatment_controlled_landfill_percent,tonnes/year,2016.0,"Jamaica NSWMA (National Solid Waste Management Authority). 2017. ""Tonnage Islandwide 2016."""
LCN,GTM,Guatemala,LMC,waste_treatment_controlled_landfill_percent,tonnes/year,2010.0,"IDB-AIDIS-PAHO (Inter-American Development Bank, Inter-American Association of Sanitary and Environmental Engineering, and Pan American Health Organization). 2011. ""Report of the Regional Evalution of the Management of Municipal Solid Waste in Latin American and the Caribbean 2010"" [""Informe de la Evaluación Regional del Manejo de Residuos Sólidos Urbanos en América Latina y el Caribe 2010""]. Inter-American Development Bank (IDB), Inter-American Association of Sanitary and Environmental Engineering [Asociación Interamericana de Ingeniería Sanitaria y Ambiental (AIDIS)], and Pan American Health Organization (PAHO) [Organización Panamericana de la Salud (OPS)]."
LCN,URY,Uruguay,HIC,waste_treatment_controlled_landfill_percent,tonnes/year,2013.0,"CSI Ingenieros. 2011. ""Background Information for the Design of a Solid Waste Strategic Plan"" [""Informacion de Base para el Diseno de Un Plan Estrategico de Residuos Solidos""]. CSI Ingenieros. Pittamiglio Studio [Estudio Pittamiglio]. August. /// Anon. n.d.(d) ""Sanitary Filling of Roses"" [""RELLENO SANITARIO DE LAS ROSAS""]. Maldonado"
EAS,WSM,Samoa,UMC,waste_treatment_controlled_landfill_percent,tonnes/year,2013.0,"SPREP (Secretariat of the Pacific Regional Environment Programme). 2016. ""Cleaner Pacific 2025: Pacific Regional Waste and Pollution Management Strategy, 2016–2025."" Secretariat of the Pacific Regional Environment Programme, Apia, Samoa. https://sustainabledevelopment.un.org/content/documents/commitments/1326_7636_commitment_cleaner-pacific-strategy-2025.pdf."
MEA,YEM,"Yemen, Rep.",LMC,waste_treatment_controlled_landfill_percent,tonnes/year,2016.0,"Al-Eryani, Muammer. 2017. Director of Solid Waste Management, Ministry of Local Administration (MoLA), Government of Yemen. Personal communication with the World Bank."
LCN,KNA,St. Kitts and Nevis,HIC,waste_treatment_controlled_landfill_percent,tonnes/year,2017.0,"SIDS DOCK (Small Island Developing States). 2015. ""Toward the Development of a Caribbean Regional Organic Waste Management Sub-Sector: Development of a Caribbean Regional Organic Waste Management Conversion Sub-Sector to Increase Costal Resilience and Climate Change Impacts and Protect Fresh Water Resources."" Draft 1.0. SIDS DOCK Secretariat and Caribbean Community Climate Change Centre. May 18. "
LCN,PRY,Paraguay,UMC,waste_treatment_controlled_landfill_percent,tonnes/year,2010.0,"IDB-AIDIS-PAHO (Inter-American Development Bank, Inter-American Association of Sanitary and Environmental Engineering, and Pan American Health Organization). 2011. ""Report of the Regional Evalution of the Management of Municipal Solid Waste in Latin American and the Caribbean 2010"" [""Informe de la Evaluación Regional del Manejo de Residuos Sólidos Urbanos en América Latina y el Caribe 2010""]. Inter-American Development Bank (IDB), Inter-American Association of Sanitary and Environmental Engineering [Asociación Interamericana de Ingeniería Sanitaria y Ambiental (AIDIS)], and Pan American Health Organization (PAHO) [Organización Panamericana de la Salud (OPS)]."
LCN,CUB,Cuba,UMC,waste_treatment_controlled_landfill_percent,tonnes/year,2015.0,"Cuba, ONEI (National Office of Statistics and Information [Oficina Nacional de Estadística e Información]). 2017. ""Catalogue of Publications."" /// Rebelde, Juventud. 2007. ""The 100th Street Landfill"" [""El Vertedero de la Calle 100""]. July 8. /// Anon. n.d.(g). Joint study by representatives of the following organizations: Departamento de Estudios sobre Contaminación Ambiental (DECA), Centro Nacional de Investigaciones Científicas (CNIC), Consultoría de Ingeniería y Arquitectura (CETA), Centro de Estudios de Ingeniería de Procesos (CIPRO), Instituto Superior Politécnico ‘‘José Antonio Echeverría’’ (ISPJAE, CUJAE), Laboratorio de Análisis de Residuos (LARE), Dirección Provincial de Servicios Comunales, Ministerio de Economía y Planificación Estimated Entries to Campo Florido. Cited in Periodísmo de Barrio article, but original source unknown."
LCN,PAN,Panama,UMC,waste_treatment_controlled_landfill_percent,tonnes/year,2010.0,"IDB-AIDIS-PAHO (Inter-American Development Bank, Inter-American Association of Sanitary and Environmental Engineering, and Pan American Health Organization). 2011. ""Report of the Regional Evalution of the Management of Municipal Solid Waste in Latin American and the Caribbean 2010"" [""Informe de la Evaluación Regional del Manejo de Residuos Sólidos Urbanos en América Latina y el Caribe 2010""]. Inter-American Development Bank (IDB), Inter-American Association of Sanitary and Environmental Engineering [Asociación Interamericana de Ingeniería Sanitaria y Ambiental (AIDIS)], and Pan American Health Organization (PAHO) [Organización Panamericana de la Salud (OPS)]."
SSF,ZAF,South Africa,UMC,waste_treatment_controlled_landfill_percent,tonnes/year,2011.0,"South Africa, Department of Environmental Affairs. 2012. ""National Waste Information Baseline Report: Draft."" Department of Environmental Affairs, Government of South Africa, Pretoria, November 14."
LCN,PER,Peru,UMC,waste_treatment_controlled_landfill_percent,tonnes/year,2014.0,"Peru, Ministry of Environment. 2016. ""National Plan for Integrated Solid Waste Management, 2016–2024"" [""Plan Nacional de Gestión Integral de Residuos Sólidos, 2016–2024""]. Ministry of Environment [Ministerio del Ambiente], Government of Peru."
LCN,ARG,Argentina,UMC,waste_treatment_controlled_landfill_percent,tonnes/year,2010.0,"Argentina SIDSA (System of Indicators of Sustainable Development). 2015. ""System of Indicators of Sustainable Development, Argentina."" 8th Edition. [SIDSA (Sistema de Indicadores de Desarrollo Sostenible). 2015. ""Sistema de Indicadores de Desarrollo Sostenible, Argentina"". Octava Edición.] ISBN 978-987-29340-8-8."
MEA,SAU,Saudi Arabia,HIC,waste_treatment_controlled_landfill_percent,tonnes/year,2015.0,"Saudi Arabia. n.d. ""National Transformation Program 2020."" Program by Vision 2030. http://vision2030.gov.sa/sites/default/files/NTP_En.pdf."
EAS,PNG,Papua New Guinea,LMC,waste_treatment_controlled_landfill_percent,tonnes/year,2016.0,"Papua New Guinea, NCDC (National Capital District Commission). 2016. ""NCD Waste Management Plan 2016-2025. For a sustainable Port Moresby."""
LCN,HND,Honduras,LMC,waste_treatment_controlled_landfill_percent,tonnes/year,2010.0,"IDB-AIDIS-PAHO (Inter-American Development Bank, Inter-American Association of Sanitary and Environmental Engineering, and Pan American Health Organization). 2011. ""Report of the Regional Evalution of the Management of Municipal Solid Waste in Latin American and the Caribbean 2010"" [""Informe de la Evaluación Regional del Manejo de Residuos Sólidos Urbanos en América Latina y el Caribe 2010""]. Inter-American Development Bank (IDB), Inter-American Association of Sanitary and Environmental Engineering [Asociación Interamericana de Ingeniería Sanitaria y Ambiental (AIDIS)], and Pan American Health Organization (PAHO) [Organización Panamericana de la Salud (OPS)]."
SSF,SEN,Senegal,LIC,waste_treatment_controlled_landfill_percent,tonnes/year,2014.0,"ANSD (National Agency of Statistics and Demography). 2014. ""General Census of Population and Housing, Agriculture and Livestock. Final Report."" [Agence Nationale de la Statistique et de la Démographie. 2014. ""Recensement Général de la Population et de l’Habitat,de l’Agriculture et de l’Elevage. RAPPORT DEFINITIF""]."
LCN,HTI,Haiti,LIC,waste_treatment_controlled_landfill_percent,tonnes/year,2012.0,"IHSI, IRD, Dial, Nopoor, ANR. 2014. ""The evolution of living conditions in Haiti between 2007 and 2012. The social replica of the earthquake""[""L’évolution des conditions de vie en Haïti entre 2007 et 2012. La réplique sociale du séisme""]. IHSI (Haitian Institute of Statistics and Informatics[Institut Haitien de Statistique et d'Informatique]). IRD (Research Institute for Development [Institut de recherche pour le développement]). ANR (The National Research Agency [l’Agence nationale de la recherche]). Port-au-Prince, Paris, June. // SWANA Haiti Response Team. 2010. ""Municipal Solid Waste Collection Needs in Port-au-Prince, Haiti: Position Paper."" Solid Waste Association of North America (SWANA). August. /// Naquin, Pascale. 2016. ""Design and Implementation of a Quantification and Characterization Campaign for Household Waste in the Territory of AITOM le Marien (Cap Haïtien – Limonade – Quartier Morin)"" [""Conception et réalisation d’une campagne de quantification et de caractérisation de déchets ménagers sur le territoire de l’AITOM le Marien (Cap Haïtien – Limonade – Quartier Morin)""]. Contract ATN/OC – 15 400 – HA. Inter-American Development Bank (IDB). December."
EAS,LAO,Lao PDR,LMC,waste_treatment_controlled_landfill_percent,tonnes/year,2015.0,"Keohanam, Bounthong. 2017. Director, Urban Development Division, Department of Housing and Urban Planning, Ministry of Public Works and Transport, Government of Laos. Personal communication with the World Bank. May 8."
LCN,DMA,Dominica,UMC,waste_treatment_controlled_landfill_percent,tonnes/year,2005.0,"UNSD (United Nations Statistics Division). 2013. ""Dominica Environment Statistics Country Snapshot."" February."
SSF,MRT,Mauritania,LMC,waste_treatment_controlled_landfill_percent,tonnes/year,2009.0,"GIZ and SWEEP-Net. 2010a. ""Country Report on the Solid Waste Management in Mauritania."" Deutsche Gesellschaft für Internationale Zusammenarbeit GmbH (GIZ) and Regional Solid Waste Exchange of Information and Expertise Network in Mashreq and Maghreb Countries (SWEEP-Net), on behalf of the German Federal Ministry for Economic Cooperation and Development (BMZ). July."
SSF,BWA,Botswana,UMC,waste_collection_coverage_rural_percent_of_households,Percent of households,1998.0,"Kgathi, Donald L., and Benjamin Bolaane. 2001. ""Instrument for sustainable solid waste management in Botswana."" Waste Management and Research 19(4) 342-53."
LCN,COL,Colombia,UMC,waste_collection_coverage_rural_percent_of_households,Percent of households,2014.0,"Colombia, Superintendence of Home Public Services. 2015. ""Sectoral Report of the Public Toilet Service Great Providers"". [REPÚBLICA DE COLOMBIA. Superintendencia de Servicios Públicos Domiciliarios. ""Informe Sectorial del Servicio Público de Aseo""]. "
SSF,GAB,Gabon,UMC,waste_collection_coverage_rural_percent_of_households,Percent of population,2000.0,"Gabon, Ministry of Housing, Housing, Planning, Environment and Sustainable Development. 2011. ""Diagnostic Study for the Development of a National Habitat and Urban Development Strategy in Gabon."" [GOUVERNEMENT DE LA RÉPUBLIQUE DU GABON, MINISTERE DE L’HABITAT, DU LOGEMENT, DE L’URBANISME, DE L’ENVIRONNEMENT ET DU DEVELOPPEMENT DURABLE. 2011. ""ETUDE DIAGNOSTIQUE POUR L’ELABORATIOND’UNE STRATEGIE NATIONALE D’HABITAT ET DE DEVELOPPEMENT URBAIN AU GABON.""]. UNDP (United Nations Development Programme). United Nations Programme for Human Settlements."
EAS,PHL,Philippines,LMC,waste_collection_coverage_rural_percent_of_households,Percent of waste,2003.0,"CCAC (Climate and Clean Air Coalition). n.d.(b) ""Solid Waste Management City Profile: Cebu, Philippines."" Accessed April 20, 2017. http://www.waste.ccacoalition.org/sites/default/files/files/cebu_msw_factsheet.pdf"
LCN,SUR,Suriname,UMC,waste_collection_coverage_rural_percent_of_households,Percent of population,2009.0,"IDB (Inter American Development Bank). 2009. ""2010 Vision and Solid Waste: Strategic Solid Waste Management Plan for Suriname 2010–2020"". Washington, DC."
LCN,ECU,Ecuador,UMC,waste_collection_coverage_rural_percent_of_households,Percent of households,2016.0,"Ecuador ENEMDU (Employment, Unemployment and Underemployment Survey). 2017. ""Percentage of households with garbage collection service: Housing Tabulations"". [Encuesta de Empleo, Desempleo y Subempleo - ENEMDU. 2017. ""Porcentaje de hogares con servicio de recolección de basura""]."
ECS,KAZ,Kazakhstan,UMC,waste_collection_coverage_rural_percent_of_households,Percent of population,2010.0,"World Bank. n.d. ""Legal, Institutional, Financial Arrangement and Practices of Solid Waste Management Sector in Kazakhstan."" Washington, DC: World Bank."
EAS,TON,Tonga,UMC,waste_collection_coverage_rural_percent_of_households,Percent of waste,2012.0,"ADB (Asian Development Bank). 2014g. ""Solid Waste Management in the Pacific: Tonga Country Snapshot."" Asian Development Bank. ADB Publication Stock No. ARM146616-2. Accessed May 24, 2017 .https://www.adb.org/sites/default/files/publication/42660/solid-waste-management-tonga.pdf"
EAS,GUM,Guam,HIC,waste_collection_coverage_rural_percent_of_households,Percent of population,2016.0,"SPREP (Secretariat of the Pacific Regional Environment Programme). 2016. ""Cleaner Pacific 2025: Pacific Regional Waste and Pollution Management Strategy, 2016–2025."" Secretariat of the Pacific Regional Environment Programme, Apia, Samoa. https://sustainabledevelopment.un.org/content/documents/commitments/1326_7636_commitment_cleaner-pacific-strategy-2025.pdf."
SSF,LSO,Lesotho,LMC,waste_collection_coverage_rural_percent_of_households,Percent of households,2011.0,"Lesotho Bureau of Statistics. 2013. ""2012 Solid Waste, Water and Sanitation."" Statistical Report No. 19. Lesotho Bureau of Statistics, Maseru."
EAS,KIR,Kiribati,LMC,waste_collection_coverage_total_percent_of_waste,Percent of population,2016.0,"SPREP (Secretariat of the Pacific Regional Environment Programme). 2016. ""Cleaner Pacific 2025: Pacific Regional Waste and Pollution Management Strategy, 2016–2025."" Secretariat of the Pacific Regional Environment Programme, Apia, Samoa. https://sustainabledevelopment.un.org/content/documents/commitments/1326_7636_commitment_cleaner-pacific-strategy-2025.pdf."
SSF,ZMB,Zambia,LMC,waste_collection_coverage_total_percent_of_waste,Percent of households,2004.0,"Environmental Council of Zambia. 2004. ""National Solid Waste Management Strategy for Zambia."" September."
EAS,FSM,"Micronesia, Fed. Sts.",LMC,waste_collection_coverage_total_percent_of_waste,Percent of population,2011.0,"SPREP (Secretariat of the Pacific Regional Environment Programme). 2016. ""Cleaner Pacific 2025: Pacific Regional Waste and Pollution Management Strategy, 2016–2025."" Secretariat of the Pacific Regional Environment Programme, Apia, Samoa. https://sustainabledevelopment.un.org/content/documents/commitments/1326_7636_commitment_cleaner-pacific-strategy-2025.pdf."
LCN,VEN,"Venezuela, RB",UMC,waste_collection_coverage_total_percent_of_waste,Percent of population,2010.0,"IDB (Inter-American Development Bank). 2015. ""Situation of SOLID WASTE management in Latin America and the Caribbean"" [BID (Banco Interamericano de Desarrollo). 2015. ""Situación de la gestión de RESIDUOS SÓLIDOS en América Latina y el Caribe""]."
EAS,NRU,Nauru,UMC,waste_collection_coverage_total_percent_of_waste,Percent of population,2016.0,"SPREP (Secretariat of the Pacific Regional Environment Programme). 2016. ""Cleaner Pacific 2025: Pacific Regional Waste and Pollution Management Strategy, 2016–2025."" Secretariat of the Pacific Regional Environment Programme, Apia, Samoa. https://sustainabledevelopment.un.org/content/documents/commitments/1326_7636_commitment_cleaner-pacific-strategy-2025.pdf."
LCN,NIC,Nicaragua,LMC,waste_collection_coverage_total_percent_of_waste,Percent of population,2010.0,"IDB (Inter-American Development Bank). 2015. ""Situation of SOLID WASTE management in Latin America and the Caribbean"" [BID (Banco Interamericano de Desarrollo). 2015. ""Situación de la gestión de RESIDUOS SÓLIDOS en América Latina y el Caribe""]."
SSF,BFA,Burkina Faso,LIC,waste_collection_coverage_total_percent_of_waste,Percent of waste,2015.0,"Cissé, Sidi Mahamadou. 2015. Director of Sanitation, Government of Burkina Faso. Personal communication with the World Bank."
LCN,VGB,British Virgin Islands,HIC,waste_collection_coverage_total_percent_of_waste,Percent of population,2001.0,"UNSD (United Nations Statistics Division). 2016a. ""Environmental Indicators: Waste. Municipal Waste Collected."" United Nations Statistics Division (UNSD), United Nations. November. http://unstats.un.org/unsd/ENVIRONMENT/qindicators.htm."
SSF,AGO,Angola,LMC,waste_collection_coverage_total_percent_of_waste,Percent of population,2011.0,"UNSD (United Nations Statistics Division). 2016a. ""Environmental Indicators: Waste. Municipal Waste Collected."" United Nations Statistics Division (UNSD), United Nations. November. http://unstats.un.org/unsd/ENVIRONMENT/qindicators.htm."
EAS,VUT,Vanuatu,LMC,waste_collection_coverage_total_percent_of_waste,Percent of population,2011.0,"SPREP (Secretariat of the Pacific Regional Environment Programme). 2016. ""Cleaner Pacific 2025: Pacific Regional Waste and Pollution Management Strategy, 2016–2025."" Secretariat of the Pacific Regional Environment Programme, Apia, Samoa. https://sustainabledevelopment.un.org/content/documents/commitments/1326_7636_commitment_cleaner-pacific-strategy-2025.pdf."
MEA,IRQ,Iraq,UMC,waste_collection_coverage_total_percent_of_waste,Percent of population,2015.0,"Iraq, Ministry of Environment. 2015. ""State of the Environment in Iraq 2015"" [حالة البيئة في العراق لعام 2015]. Ministry of Environment, Government of Iraq."
LCN,SLV,El Salvador,LMC,waste_collection_coverage_total_percent_of_waste,Percent of population,2010.0,"IDB (Inter-American Development Bank). 2015. ""Situation of SOLID WASTE management in Latin America and the Caribbean"" [BID (Banco Interamericano de Desarrollo). 2015. ""Situación de la gestión de RESIDUOS SÓLIDOS en América Latina y el Caribe""]."
SSF,CMR,Cameroon,LMC,waste_collection_coverage_total_percent_of_waste,Percent of population,2009.0,"UNSD (United Nations Statistics Division). 2016a. ""Environmental Indicators: Waste. Municipal Waste Collected."" United Nations Statistics Division (UNSD), United Nations. November. http://unstats.un.org/unsd/ENVIRONMENT/qindicators.htm."
SSF,CPV,Cabo Verde,LMC,waste_collection_coverage_total_percent_of_waste,Percent of population,2012.0,"UNSD (United Nations Statistics Division). 2016a. ""Environmental Indicators: Waste. Municipal Waste Collected."" United Nations Statistics Division (UNSD), United Nations. November. http://unstats.un.org/unsd/ENVIRONMENT/qindicators.htm."
EAS,PLW,Palau,HIC,waste_collection_coverage_total_percent_of_waste,Percent of population,2016.0,"SPREP (Secretariat of the Pacific Regional Environment Programme). 2016. ""Cleaner Pacific 2025: Pacific Regional Waste and Pollution Management Strategy, 2016–2025."" Secretariat of the Pacific Regional Environment Programme, Apia, Samoa. https://sustainabledevelopment.un.org/content/documents/commitments/1326_7636_commitment_cleaner-pacific-strategy-2025.pdf."
EAS,SLB,Solomon Islands,LMC,waste_collection_coverage_total_percent_of_waste,Percent of population,2016.0,"SPREP (Secretariat of the Pacific Regional Environment Programme). 2016. ""Cleaner Pacific 2025: Pacific Regional Waste and Pollution Management Strategy, 2016–2025."" Secretariat of the Pacific Regional Environment Programme, Apia, Samoa. https://sustainabledevelopment.un.org/content/documents/commitments/1326_7636_commitment_cleaner-pacific-strategy-2025.pdf."
SSF,ETH,Ethiopia,LIC,waste_collection_coverage_total_percent_of_waste,Percent of waste,2017.0,"Ethiopia MoEFCC (Ministry of Environment, Forest and ​Climate Change). 2017. ""Urban Solid Waste management compliance problems in 21 city of Ethiopia."" Adama, June 22-24."
LCN,BLZ,Belize,UMC,waste_collection_coverage_total_percent_of_waste,Percent of population,2010.0,"IDB-AIDIS-PAHO (Inter-American Development Bank, Inter-American Association of Sanitary and Environmental Engineering, and Pan American Health Organization). 2011. ""Report of the Regional Evalution of the Management of Municipal Solid Waste in Latin American and the Caribbean 2010"" [""Informe de la Evaluación Regional del Manejo de Residuos Sólidos Urbanos en América Latina y el Caribe 2010""]. Inter-American Development Bank (IDB), Inter-American Association of Sanitary and Environmental Engineering [Asociación Interamericana de Ingeniería Sanitaria y Ambiental (AIDIS)], and Pan American Health Organization (PAHO) [Organización Panamericana de la Salud (OPS)]."
ECS,AZE,Azerbaijan,UMC,waste_collection_coverage_total_percent_of_waste,Percent of population,2015.0,"Azerbaijan, Ministry of Economy. 2017. ""National Solid Waste Manegement Strategy Plan: Volume I (Main Report)."" Aim Texas Trading, LLC – ICP Joint Venture, on behalf of Ministry of Economy, Government of Azerbaijan, Baku."
SSF,MOZ,Mozambique,LIC,waste_collection_coverage_total_percent_of_waste,Percent of waste,2014.0,"Tas, Adriaan and Antoine Belon. 2014. ""A Comprehensive Review of the Municipal Solid Waste Sector in Mozambique: Background Documentation for the Formulation of Nationally Appropriate Mitigation Actions in the Waste Sector in Mozambique."" Carbon Africa Limited (Nairobi) and Associação Moçambicana de Reciclagem (Maputo), Maputo and Nairobi, June."
LCN,GUY,Guyana,UMC,waste_collection_coverage_total_percent_of_waste,Percent of population,2014.0,"IDB (Inter-American Development Bank). 2015. ""Situation of SOLID WASTE management in Latin America and the Caribbean"" [BID (Banco Interamericano de Desarrollo). 2015. ""Situación de la gestión de RESIDUOS SÓLIDOS en América Latina y el Caribe""]."
EAS,TUV,Tuvalu,UMC,waste_collection_coverage_total_percent_of_waste,Percent of population,2012.0,"SPREP (Secretariat of the Pacific Regional Environment Programme). 2016. ""Cleaner Pacific 2025: Pacific Regional Waste and Pollution Management Strategy, 2016–2025."" Secretariat of the Pacific Regional Environment Programme, Apia, Samoa. https://sustainabledevelopment.un.org/content/documents/commitments/1326_7636_commitment_cleaner-pacific-strategy-2025.pdf."
SSF,UGA,Uganda,LIC,waste_collection_coverage_total_percent_of_waste,Percent of waste,2011.0,"Okot-Okumu, James and Richard Nyenje. 2011. Municipal Solid Waste Management under Decentralisation in Uganda. Habitat International. 35 (2011) 537-543."
ECS,MCO,Monaco,HIC,waste_collection_coverage_total_percent_of_waste,Percent of population,2012.0,"UNSD (United Nations Statistics Division). 2016a. ""Environmental Indicators: Waste. Municipal Waste Collected."" United Nations Statistics Division (UNSD), United Nations. November. http://unstats.un.org/unsd/ENVIRONMENT/qindicators.htm."
SSF,KEN,Kenya,LMC,waste_collection_coverage_total_percent_of_waste,Percent of population,1999.0,"UNSD (United Nations Statistics Division). 2016a. ""Environmental Indicators: Waste. Municipal Waste Collected."" United Nations Statistics Division (UNSD), United Nations. November. http://unstats.un.org/unsd/ENVIRONMENT/qindicators.htm."
EAS,PYF,French Polynesia,HIC,waste_collection_coverage_total_percent_of_waste,Percent of population,2016.0,"SPREP (Secretariat of the Pacific Regional Environment Programme). 2016. ""Cleaner Pacific 2025: Pacific Regional Waste and Pollution Management Strategy, 2016–2025."" Secretariat of the Pacific Regional Environment Programme, Apia, Samoa. https://sustainabledevelopment.un.org/content/documents/commitments/1326_7636_commitment_cleaner-pacific-strategy-2025.pdf."
ECS,TJK,Tajikistan,LMC,waste_collection_coverage_total_percent_of_waste,Percent of population,2016.0,"UNECE (United Nations Economic Comission for Europe). 2017. ""Environmental Performance Reviews Series No. 46- Tajikistan."""
SSF,STP,São Tomé and Príncipe,LMC,waste_collection_coverage_total_percent_of_waste,Percent of population,2010.0,"São Tomé and Príncipe. 2010. ""National Plan for the Integrated Management of Urban Solid Waste."""
LCN,DOM,Dominican Republic,UMC,waste_collection_coverage_total_percent_of_waste,Percent of households,2010.0,"Dominican Republic, Ministry of Economy Planning and Development. 2012. ""IX National Population and Housing Census 2010: Characteristics of Housing and Household"". National Statistics Office. [Ministerio de Economía Planificación y Desarrollo - OFICINA NACIONAL DE ESTADÍSTICA - Santo Domingo. ""IX Censo Nacional de Población y Vivienda 2010: Características de la Vivienda y del Hogar- Volumen II""]. "
ECS,AND,Andorra,HIC,waste_collection_coverage_total_percent_of_waste,Percent of population,2012.0,"UNSD (United Nations Statistics Division). 2016a. ""Environmental Indicators: Waste. Municipal Waste Collected."" United Nations Statistics Division (UNSD), United Nations. November. http://unstats.un.org/unsd/ENVIRONMENT/qindicators.htm."
ECS,GEO,Georgia,LMC,waste_collection_coverage_total_percent_of_waste,Percent of population,2007.0,"UNSD (United Nations Statistics Division). 2016a. ""Environmental Indicators: Waste. Municipal Waste Collected."" United Nations Statistics Division (UNSD), United Nations. November. http://unstats.un.org/unsd/ENVIRONMENT/qindicators.htm."
SSF,ZWE,Zimbabwe,LIC,waste_collection_coverage_total_percent_of_waste,Percent of households,2013.0,"Muchandiona, Aleck. 2013. ""Challenges and Opportunities in Solid Waste Management in Zimbabwe's Urban Councils."" University of Zimbabwe, Faculty of Engineering, Department of Civil Engineering. Harare, September."
EAS,ASM,American Samoa,UMC,waste_collection_coverage_total_percent_of_waste,Percent of population,2014.0,"SPREP (Secretariat of the Pacific Regional Environment Programme). 2016. ""Cleaner Pacific 2025: Pacific Regional Waste and Pollution Management Strategy, 2016–2025."" Secretariat of the Pacific Regional Environment Programme, Apia, Samoa. https://sustainabledevelopment.un.org/content/documents/commitments/1326_7636_commitment_cleaner-pacific-strategy-2025.pdf."
,,,,,,,
EAS,NCL,New Caledonia,HIC,waste_collection_coverage_total_percent_of_population,Percent of population,2014.0,"SPREP (Secretariat of the Pacific Regional Environment Programme). 2016. ""Cleaner Pacific 2025: Pacific Regional Waste and Pollution Management Strategy, 2016–2025."" Secretariat of the Pacific Regional Environment Programme, Apia, Samoa. https://sustainabledevelopment.un.org/content/documents/commitments/1326_7636_commitment_cleaner-pacific-strategy-2025.pdf."
EAS,MMR,Myanmar,LMC,waste_collection_coverage_total_percent_of_waste,Percent of population,,"IGES (Institute for Global Environmental Strategies). n.d. ""Community-based 3 Rs Practices in Myanmar."" U. Mann and Ohnmar Myint."
EAS,KHM,Cambodia,LMC,waste_collection_coverage_urban_percent_of_population,Percent of population,2009.0,"Sang-Arun, Janya and Chau Kim Heng. 2011. ""A Guide for Technology Selection and Implementation of Urban Organic Waste Utilization Projects in Cambodia."" IGES Policy Report 2011-06. Institute for Global Environmental Strategies, Japan. Accessed April 17, 2017. https://pub.iges.or.jp/pub/guide-technology-selection-and-implementation."
SSF,GNB,Guinea-Bissau,LIC,special_waste_e_waste_tons_year,tonnes/year,2016.0,"Baldé, C.P., Forti V., Gray, V., Kuehr, R., Stegmann, P. 2017. ""The Global E-waste Monitor 2017- Quantities, Flows, and Resources."" United Nations University (UNU), International Telecommunication Union (ITU) and International Solid Waste Association (ISWA), Bonn/Geneva/Vienna. ISBN Printed Version: 978-92-808-9053-2. ISBN Electronic Version: 978-92-808-9054-9. ISSN 2522-7033."
SSF,BEN,Benin,LIC,special_waste_e_waste_tons_year,tonnes/year,2016.0,"Baldé, C.P., Forti V., Gray, V., Kuehr, R., Stegmann, P. 2017. ""The Global E-waste Monitor 2017- Quantities, Flows, and Resources."" United Nations University (UNU), International Telecommunication Union (ITU) and International Solid Waste Association (ISWA), Bonn/Geneva/Vienna. ISBN Printed Version: 978-92-808-9053-2. ISBN Electronic Version: 978-92-808-9054-9. ISSN 2522-7033."
MEA,DJI,Djibouti,LMC,special_waste_e_waste_tons_year,tonnes/year,2016.0,"Baldé, C.P., Forti V., Gray, V., Kuehr, R., Stegmann, P. 2017. ""The Global E-waste Monitor 2017- Quantities, Flows, and Resources."" United Nations University (UNU), International Telecommunication Union (ITU) and International Solid Waste Association (ISWA), Bonn/Geneva/Vienna. ISBN Printed Version: 978-92-808-9053-2. ISBN Electronic Version: 978-92-808-9054-9. ISSN 2522-7033."
SSF,SYC,Seychelles,HIC,special_waste_e_waste_tons_year,tonnes/year,2016.0,"Baldé, C.P., Forti V., Gray, V., Kuehr, R., Stegmann, P. 2017. ""The Global E-waste Monitor 2017- Quantities, Flows, and Resources."" United Nations University (UNU), International Telecommunication Union (ITU) and International Solid Waste Association (ISWA), Bonn/Geneva/Vienna. ISBN Printed Version: 978-92-808-9053-2. ISBN Electronic Version: 978-92-808-9054-9. ISSN 2522-7033."
SSF,SDN,Sudan,LMC,special_waste_e_waste_tons_year,tonnes/year,2016.0,"Baldé, C.P., Forti V., Gray, V., Kuehr, R., Stegmann, P. 2017. ""The Global E-waste Monitor 2017- Quantities, Flows, and Resources."" United Nations University (UNU), International Telecommunication Union (ITU) and International Solid Waste Association (ISWA), Bonn/Geneva/Vienna. ISBN Printed Version: 978-92-808-9053-2. ISBN Electronic Version: 978-92-808-9054-9. ISSN 2522-7033."
SSF,BDI,Burundi,LIC,special_waste_e_waste_tons_year,tonnes/year,2016.0,"Baldé, C.P., Forti V., Gray, V., Kuehr, R., Stegmann, P. 2017. ""The Global E-waste Monitor 2017- Quantities, Flows, and Resources."" United Nations University (UNU), International Telecommunication Union (ITU) and International Solid Waste Association (ISWA), Bonn/Geneva/Vienna. ISBN Printed Version: 978-92-808-9053-2. ISBN Electronic Version: 978-92-808-9054-9. ISSN 2522-7033."
SSF,SWZ,Eswatini,LMC,special_waste_e_waste_tons_year,tonnes/year,2016.0,"Baldé, C.P., Forti V., Gray, V., Kuehr, R., Stegmann, P. 2017. ""The Global E-waste Monitor 2017- Quantities, Flows, and Resources."" United Nations University (UNU), International Telecommunication Union (ITU) and International Solid Waste Association (ISWA), Bonn/Geneva/Vienna. ISBN Printed Version: 978-92-808-9053-2. ISBN Electronic Version: 978-92-808-9054-9. ISSN 2522-7033."
ECS,RUS,Russian Federation,UMC,special_waste_e_waste_tons_year,tonnes/year,2016.0,"Baldé, C.P., Forti V., Gray, V., Kuehr, R., Stegmann, P. 2017. ""The Global E-waste Monitor 2017- Quantities, Flows, and Resources."" United Nations University (UNU), International Telecommunication Union (ITU) and International Solid Waste Association (ISWA), Bonn/Geneva/Vienna. ISBN Printed Version: 978-92-808-9053-2. ISBN Electronic Version: 978-92-808-9054-9. ISSN 2522-7033."
SSF,CIV,Côte d’Ivoire,LMC,special_waste_e_waste_tons_year,tonnes/year,2016.0,"Baldé, C.P., Forti V., Gray, V., Kuehr, R., Stegmann, P. 2017. ""The Global E-waste Monitor 2017- Quantities, Flows, and Resources."" United Nations University (UNU), International Telecommunication Union (ITU) and International Solid Waste Association (ISWA), Bonn/Geneva/Vienna. ISBN Printed Version: 978-92-808-9053-2. ISBN Electronic Version: 978-92-808-9054-9. ISSN 2522-7033."
ECS,TKM,Turkmenistan,UMC,special_waste_e_waste_tons_year,tonnes/year,2015.0,"STEP (Solving the E-waste Problem). 2018. ""Overview of e-waste related information- Turkmenistan."" United Nations University. http://www.step-initiative.org/Overview_Turkmenistan.html."
SSF,NGA,Nigeria,LMC,special_waste_e_waste_tons_year,tonnes/year,2016.0,"Baldé, C.P., Forti V., Gray, V., Kuehr, R., Stegmann, P. 2017. ""The Global E-waste Monitor 2017- Quantities, Flows, and Resources."" United Nations University (UNU), International Telecommunication Union (ITU) and International Solid Waste Association (ISWA), Bonn/Geneva/Vienna. ISBN Printed Version: 978-92-808-9053-2. ISBN Electronic Version: 978-92-808-9054-9. ISSN 2522-7033."
SSF,TZA,Tanzania,LIC,special_waste_e_waste_tons_year,tonnes/year,2016.0,"Baldé, C.P., Forti V., Gray, V., Kuehr, R., Stegmann, P. 2017. ""The Global E-waste Monitor 2017- Quantities, Flows, and Resources."" United Nations University (UNU), International Telecommunication Union (ITU) and International Solid Waste Association (ISWA), Bonn/Geneva/Vienna. ISBN Printed Version: 978-92-808-9053-2. ISBN Electronic Version: 978-92-808-9054-9. ISSN 2522-7033."
SSF,GMB,"Gambia, The",LIC,special_waste_e_waste_tons_year,tonnes/year,2016.0,"Baldé, C.P., Forti V., Gray, V., Kuehr, R., Stegmann, P. 2017. ""The Global E-waste Monitor 2017- Quantities, Flows, and Resources."" United Nations University (UNU), International Telecommunication Union (ITU) and International Solid Waste Association (ISWA), Bonn/Geneva/Vienna. ISBN Printed Version: 978-92-808-9053-2. ISBN Electronic Version: 978-92-808-9054-9. ISSN 2522-7033."
SSF,COM,Comoros,LIC,special_waste_e_waste_tons_year,tonnes/year,2016.0,"Baldé, C.P., Forti V., Gray, V., Kuehr, R., Stegmann, P. 2017. ""The Global E-waste Monitor 2017- Quantities, Flows, and Resources."" United Nations University (UNU), International Telecommunication Union (ITU) and International Solid Waste Association (ISWA), Bonn/Geneva/Vienna. ISBN Printed Version: 978-92-808-9053-2. ISBN Electronic Version: 978-92-808-9054-9. ISSN 2522-7033."
SSF,CAF,Central African Republic,LIC,special_waste_e_waste_tons_year,tonnes/year,2016.0,"Baldé, C.P., Forti V., Gray, V., Kuehr, R., Stegmann, P. 2017. ""The Global E-waste Monitor 2017- Quantities, Flows, and Resources."" United Nations University (UNU), International Telecommunication Union (ITU) and International Solid Waste Association (ISWA), Bonn/Geneva/Vienna. ISBN Printed Version: 978-92-808-9053-2. ISBN Electronic Version: 978-92-808-9054-9. ISSN 2522-7033."
EAS,FJI,Fiji,UMC,special_waste_e_waste_tons_year,tonnes/year,2016.0,"Baldé, C.P., Forti V., Gray, V., Kuehr, R., Stegmann, P. 2017. ""The Global E-waste Monitor 2017- Quantities, Flows, and Resources."" United Nations University (UNU), International Telecommunication Union (ITU) and International Solid Waste Association (ISWA), Bonn/Geneva/Vienna. ISBN Printed Version: 978-92-808-9053-2. ISBN Electronic Version: 978-92-808-9054-9. ISSN 2522-7033."
EAS,TWN,,HIC,special_waste_e_waste_tons_year,tonnes/year,2003.0,"Song, Qingbin, Jinhui Li, and Xianlai Zeng. 2014. ""Minimizing the increasing solid waste through zero waste strategy."" Journal of Cleaner Production 104 (2015) 199-210."
SSF,GIN,Guinea,LIC,special_waste_e_waste_tons_year,tonnes/year,2016.0,"Baldé, C.P., Forti V., Gray, V., Kuehr, R., Stegmann, P. 2017. ""The Global E-waste Monitor 2017- Quantities, Flows, and Resources."" United Nations University (UNU), International Telecommunication Union (ITU) and International Solid Waste Association (ISWA), Bonn/Geneva/Vienna. ISBN Printed Version: 978-92-808-9053-2. ISBN Electronic Version: 978-92-808-9054-9. ISSN 2522-7033."
SSF,MWI,Malawi,LIC,special_waste_e_waste_tons_year,tonnes/year,2016.0,"Baldé, C.P., Forti V., Gray, V., Kuehr, R., Stegmann, P. 2017. ""The Global E-waste Monitor 2017- Quantities, Flows, and Resources."" United Nations University (UNU), International Telecommunication Union (ITU) and International Solid Waste Association (ISWA), Bonn/Geneva/Vienna. ISBN Printed Version: 978-92-808-9053-2. ISBN Electronic Version: 978-92-808-9054-9. ISSN 2522-7033."
SSF,SLE,Sierra Leone,LIC,special_waste_e_waste_tons_year,tonnes/year,2016.0,"Baldé, C.P., Forti V., Gray, V., Kuehr, R., Stegmann, P. 2017. ""The Global E-waste Monitor 2017- Quantities, Flows, and Resources."" United Nations University (UNU), International Telecommunication Union (ITU) and International Solid Waste Association (ISWA), Bonn/Geneva/Vienna. ISBN Printed Version: 978-92-808-9053-2. ISBN Electronic Version: 978-92-808-9054-9. ISSN 2522-7033."
SSF,NER,Niger,LIC,special_waste_e_waste_tons_year,tonnes/year,2016.0,"Baldé, C.P., Forti V., Gray, V., Kuehr, R., Stegmann, P. 2017. ""The Global E-waste Monitor 2017- Quantities, Flows, and Resources."" United Nations University (UNU), International Telecommunication Union (ITU) and International Solid Waste Association (ISWA), Bonn/Geneva/Vienna. ISBN Printed Version: 978-92-808-9053-2. ISBN Electronic Version: 978-92-808-9054-9. ISSN 2522-7033."
LCN,BHS,"Bahamas, The",HIC,special_waste_e_waste_tons_year,tonnes/year,2016.0,"Baldé, C.P., Forti V., Gray, V., Kuehr, R., Stegmann, P. 2017. ""The Global E-waste Monitor 2017- Quantities, Flows, and Resources."" United Nations University (UNU), International Telecommunication Union (ITU) and International Solid Waste Association (ISWA), Bonn/Geneva/Vienna. ISBN Printed Version: 978-92-808-9053-2. ISBN Electronic Version: 978-92-808-9054-9. ISSN 2522-7033."
SSF,RWA,Rwanda,LIC,special_waste_e_waste_tons_year,tonnes/year,2016.0,"Baldé, C.P., Forti V., Gray, V., Kuehr, R., Stegmann, P. 2017. ""The Global E-waste Monitor 2017- Quantities, Flows, and Resources."" United Nations University (UNU), International Telecommunication Union (ITU) and International Solid Waste Association (ISWA), Bonn/Geneva/Vienna. ISBN Printed Version: 978-92-808-9053-2. ISBN Electronic Version: 978-92-808-9054-9. ISSN 2522-7033."
SSF,GHA,Ghana,LMC,special_waste_e_waste_tons_year,tonnes/year,2016.0,"Baldé, C.P., Forti V., Gray, V., Kuehr, R., Stegmann, P. 2017. ""The Global E-waste Monitor 2017- Quantities, Flows, and Resources."" United Nations University (UNU), International Telecommunication Union (ITU) and International Solid Waste Association (ISWA), Bonn/Geneva/Vienna. ISBN Printed Version: 978-92-808-9053-2. ISBN Electronic Version: 978-92-808-9054-9. ISSN 2522-7033."
SSF,ERI,Eritrea,LIC,special_waste_e_waste_tons_year,tonnes/year,2016.0,"Baldé, C.P., Forti V., Gray, V., Kuehr, R., Stegmann, P. 2017. ""The Global E-waste Monitor 2017- Quantities, Flows, and Resources."" United Nations University (UNU), International Telecommunication Union (ITU) and International Solid Waste Association (ISWA), Bonn/Geneva/Vienna. ISBN Printed Version: 978-92-808-9053-2. ISBN Electronic Version: 978-92-808-9054-9. ISSN 2522-7033."
SSF,NAM,Namibia,UMC,special_waste_e_waste_tons_year,tonnes/year,2016.0,"Baldé, C.P., Forti V., Gray, V., Kuehr, R., Stegmann, P. 2017. ""The Global E-waste Monitor 2017- Quantities, Flows, and Resources."" United Nations University (UNU), International Telecommunication Union (ITU) and International Solid Waste Association (ISWA), Bonn/Geneva/Vienna. ISBN Printed Version: 978-92-808-9053-2. ISBN Electronic Version: 978-92-808-9054-9. ISSN 2522-7033."
SSF,TCD,Chad,LIC,special_waste_e_waste_tons_year,tonnes/year,2016.0,"Baldé, C.P., Forti V., Gray, V., Kuehr, R., Stegmann, P. 2017. ""The Global E-waste Monitor 2017- Quantities, Flows, and Resources."" United Nations University (UNU), International Telecommunication Union (ITU) and International Solid Waste Association (ISWA), Bonn/Geneva/Vienna. ISBN Printed Version: 978-92-808-9053-2. ISBN Electronic Version: 978-92-808-9054-9. ISSN 2522-7033."
LCN,PRI,Puerto Rico,HIC,special_waste_e_waste_tons_year,tonnes/year,2007.0,"Energy Answers. 2012. ""Materials Separation Plan."" Energy Answers Arecibo LLC., Energy Answers International Inc. April."
SSF,MLI,Mali,LIC,special_waste_e_waste_tons_year,tonnes/year,2016.0,"Baldé, C.P., Forti V., Gray, V., Kuehr, R., Stegmann, P. 2017. ""The Global E-waste Monitor 2017- Quantities, Flows, and Resources."" United Nations University (UNU), International Telecommunication Union (ITU) and International Solid Waste Association (ISWA), Bonn/Geneva/Vienna. ISBN Printed Version: 978-92-808-9053-2. ISBN Electronic Version: 978-92-808-9054-9. ISSN 2522-7033."
EAS,TLS,Timor-Leste,LMC,special_waste_e_waste_tons_year,tonnes/year,2016.0,"Baldé, C.P., Forti V., Gray, V., Kuehr, R., Stegmann, P. 2017. ""The Global E-waste Monitor 2017- Quantities, Flows, and Resources."" United Nations University (UNU), International Telecommunication Union (ITU) and International Solid Waste Association (ISWA), Bonn/Geneva/Vienna. ISBN Printed Version: 978-92-808-9053-2. ISBN Electronic Version: 978-92-808-9054-9. ISSN 2522-7033."
LCN,SXM,Sint Maarten (Dutch part),HIC,composition_food_organic_waste_percent,%,2015.0,"Mohee, R., S. Mauthoor, Z. M. A. Bundhoo, G. Somaroo, N. Soobhany, and S. Gunasee. 2015. ""Current Status of Solid Waste Management in Small Island Developing States: A Review"" [Supplementary Material]. Waste Management 43: 539–549."
LCN,VIR,Virgin Islands (U.S.),HIC,composition_food_organic_waste_percent,%,2015.0,"Mohee, R., S. Mauthoor, Z. M. A. Bundhoo, G. Somaroo, N. Soobhany, and S. Gunasee. 2015. ""Current Status of Solid Waste Management in Small Island Developing States: A Review"" [Supplementary Material]. Waste Management 43: 539–549."
ECS,SMR,San Marino,HIC,composition_food_organic_waste_percent,%,2016.0,"San Marino, AASS (Autonomous State Company for Public Services). 2016. ""Collection Data"" [""Dati di raccolta""]. Autonomous State Company for Public Services [Azienda Autonoma di Stato per i Servizi Pubblici (AASS)], Government of San Marino. http://www.aass.sm/site/home/ambiente/dati-di-raccolta/2016.html."
ECS,UZB,Uzbekistan,LMC,composition_food_organic_waste_percent,%,2006.0,"OSCE (Organization for Security and Co-operation in Europe). 2006. ""Environmental Safety and Civil Initiative, No. 8"" [""Экологическая безопасность и гражданская инициатива, № 8""]. Organization for Security and Co-operation in Europe (OSCE). Accessed April 19, 2017. https://www.osce.org/ru/uzbekistan/71088."
ECS,GRL,Greenland,HIC,composition_food_organic_waste_percent,%,2011.0,"Eisted, Rasmus, and Thomas H. Christensen. 2011a. ""Characterization of Household Waste in Greenland."" Waste Management 31: 1461–1466. doi:10.1016/j.wasman.2011.02.018."
LCN,TCA,Turks and Caicos Islands,HIC,composition_food_organic_waste_percent,%,2004.0,"UNSD (United Nations Statistics Division). 2016c. ""Environmental Indicators and Selected Time Series: Composition of Municipal Waste (Latest Year)."" United Nations Statistics Division (UNSD), United Nations. September. http://unstats.un.org/unsd/ENVIRONMENT/qindicators.htm."
LCN,CYM,Cayman Islands,HIC,composition_food_organic_waste_percent,%,2003.0,"Amec Foster Wheeler. 2016. ""National Solid Waste Management Strategy for the Cayman Islands: Final Report."" Amec Foster Wheeler Environment and Infrastructure UK Limited, for the Government of Cayman Islands. June. http://ministryofhealth.gov.ky/sites/default/files/36082%20Strategy%20Final%20Report%2016229i1.pdf."
EAS,MNP,Northern Mariana Islands,HIC,composition_food_organic_waste_percent,%,2016.0,"SPREP (Secretariat of the Pacific Regional Environment Programme). 2016. Cleaner Pacific 2025: Pacific Regional Waste and Pollution Management Strategy, 2016–2025. Secretariat of the Pacific Regional Environment Programme. Apia, Samoa. https://sustainabledevelopment.un.org/content/documents/commitments/1326_7636_commitment_cleaner-pacific-strategy-2025.pdf."
MEA,p,,LMC,waste_treatment_other_percent,%,2010.0,"GIZ and SWEEP-Net. 2010b. ""Country Report on the Solid Waste Management in Syria."" Deutsche Gesellschaft für Internationale Zusammenarbeit GmbH (GIZ) and Regional Solid Waste Exchange of Information and Expertise Network in Mashreq and Maghreb Countries (SWEEP-Net), on behalf of the German Federal Ministry for Economic Cooperation and Development (BMZ). July."
LCN,CUW,Curacao,HIC,waste_treatment_recycling_percent,tonnes/year,2013.0,"PricewaterhouseCoopers Aruba. 2014. ""Environmental Sustainability Ranking: Determining and Fortifying Aruba’s Position in the Caribbean."" Version 1.1. PricewaterhouseCoopers Aruba. October 28. https://www.pwc.com/an/en/publications/assets/pwc-environmental-sustainability-ranking-positioning-and-fortifying-aruba-in-caribbean.pdf."
ECS,FRO,Faeroe Islands,HIC,waste_treatment_recycling_percent,tonnes/year,2012.0,"Nordic Competition Authorities. 2016. ""Competition in the Waste Management Sector: Preparing for a Circular Economy."" Nordic Competition Authorities: Konkurrensverket (Sweden), Konkurransetilsynet (Norway), Kilpailu ja Kuluttajavirasto (Finland), Samkeppniseftirlitid (Iceland), Konkurrence og Forbrugerstyrelsen (Denmark), Kappingareftirlitid (Faroe Islands), Forbruger og Konkurrencestyrelsen (Greenland). http://www.konkurrensverket.se/globalassets/publikationer/nordiska/nordic-report-2016_waste-management-sector.pdf."
LCN,ABW,Aruba,HIC,waste_treatment_recycling_percent,tonnes/year,2013.0,"PricewaterhouseCoopers Aruba. 2014. ""Environmental Sustainability Ranking: Determining and Fortifying Aruba’s Position in the Caribbean."" Version 1.1. PricewaterhouseCoopers Aruba. October 28. https://www.pwc.com/an/en/publications/assets/pwc-environmental-sustainability-ranking-positioning-and-fortifying-aruba-in-caribbean.pdf."
SSF,COD,"Congo, Dem. Rep.",LIC,waste_treatment_recycling_percent,tonnes/year,2005.0,"AFED (Arab Forum for Environment and Development). 2008. ""Arab Environment: Future Challenges. 2008 Report of the Arab Forum for Environment and Development."" Edited by Mostafa K. Tolba and Najib W. Saab."
SSF,COG,"Congo, Rep.",LMC,waste_treatment_recycling_percent,tonnes/year,2005.0,"AFED (Arab Forum for Environment and Development). 2008. ""Arab Environment: Future Challenges. 2008 Report of the Arab Forum for Environment and Development."" Edited by Mostafa K. Tolba and Najib W. Saab."
"National Institute of Rural Development and Panchayati Raj. 2016. """"Solid Waste Management in Rural Areas."""" Accessed June 1"," 2020. http://nirdpr.org.in/nird_docs/sb/doc5.pdf.""","Urban: 62 million tonnes/year for a population of 377 million for 0.45 kg/capita/day (2018 data from Lok Sabha Secretariat, Ministry of Housing and Urban Affairs)",,,,,
Rural: 127.75 million tonnes (0.35 million tonnes/day x 365 days). Since the publication says 0.3-0.4 M tonnes/day the average was used. (2015 or 2016 data from the Ministry of Drinking Water and Sanitation in a 2016 report by Centre for Rural Infrastructure, National Institute Of Rural Development & Panchayati Raj),,,,,,
Yue Bo," et.al. 2014. """"Characteristics of Rural Household Waste in China."""" Environmental Science & Technology (in Chinese)"," 37 (6): 129-134.""","Urban waste generation is 0.78 kg/capita/day, total generation of 242.062 million tonnes in 2019. Urban domestic waste generation in 2019 is 242.062 million tonnes with a corresponding urban population of 848.43 million people. Data on MSW generation in urban areas is collected from the treatment plants and is likely an underestimation. It does not account for the removal of recyclables collected by scavengers before the waste reaches the treatment plants.",,,,
Rural waste generation is estimated to be 0.76 kg/capita/day (2014 data), for an estimated total generation of 153.019 million tonnes in 2019. (Rural population in 2019 was 551.62 million people and the latest data on rural waste generation is from 2014 at 0.76 kg/capita/day," for a total of 153.019 million tonnes). Data on MSW generation in rural areas is based on door-to-door surveys and the recyclables are partly counted.""",,,,,
SSF,SOM,Somalia,LIC,total_msw_total_msw_generated_tons_year,tonnes/year,2016.0,
LCN,MAF,St. Martin (French part),HIC,total_msw_total_msw_generated_tons_year,tonnes/year,2012.0,"Sterviinou, L. n.d. ""What to Do with Our Waste in Saint Martin?"" [""Quoi faire de nos déchets à Saint-Martin?""]. MAXImini.com."
SSF,SSD,South Sudan,LIC,total_msw_total_msw_generated_tons_year,tonnes/year,2013.0,"UNEP (United Nations Environment Programme). 2013. ""Municipal Solid Waste Composition Analysis Study: Juba, South Sudan,"" by Michael J. Cowing. United Nations Environment Programme (UNEP). April."
SSF,GNQ,Equatorial Guinea,UMC,total_msw_total_msw_generated_tons_year,tonnes/year,2016.0,
SSF,LBR,Liberia,LIC,total_msw_total_msw_generated_tons_year,tonnes/year,2007.0,"UNEP (United Nations Environment Programme). 2007. ""Assessment of Solid Waste Management in Liberia."" Post-Conflict and Disaster Management Branch, United Nations Environment Programme (UNEP), in collaboration with the Environmental Protection Agency, Government of Liberia. /// UN DESA (United Nations, Department of Economic and Social Affairs). 2014c. ""World Urbanization Prospects: The 2014 Revision."" UN Doc. No. ST/ESA/SER.A/366. Department of Economic and Social Affairs, Population Division."
