iso3c,region_id,country_name,income_id,gdp,composition_food_organic_waste_percent,composition_glass_percent,composition_metal_percent,composition_other_percent,composition_paper_cardboard_percent,composition_plastic_percent,other_information_information_system_for_solid_waste_management,other_information_national_agency_to_enforce_solid_waste_laws_and_regulations,other_information_national_law_governing_solid_waste_management_in_the_country,other_information_ppp_rules_and_regulations,population_population_number_of_people,special_waste_e_waste_tons_year,special_waste_hazardous_waste_tons_year,total_msw_total_msw_generated_tons_year,waste_treatment_recycling_percent,measurement,units,year,source
ABW,LCN,Aruba,HIC,35563.3125,,,,,,,,Yes,Yes,Yes,103187,,,88132.0167,11.0,waste_treatment_recycling_percent,tonnes/year,2013.0,"PricewaterhouseCoopers Aruba. 2014. ""Environmental Sustainability Ranking: Determining and Fortifying Aruba’s Position in the Caribbean."" Version 1.1. PricewaterhouseCoopers Aruba. October 28. https://www.pwc.com/an/en/publications/assets/pwc-environmental-sustainability-ranking-positioning-and-fortifying-aruba-in-caribbean.pdf."
AFG,SAS,Afghanistan,LIC,2057.062255859375,,,,,,,,Yes,Yes,Yes,34656032,20000.0,,5628525.37,,special_waste_agricultural_waste_tons_year,tonnes/year,2009.0,"Milbrandt, Anelia, and Ralph Overend. 2011. ""Assessment of Biomass Resources in Afghanistan."" NREL (National Renewable Energy Laboratory). NREL/TP-6A20-49358. January."
AGO,SSF,Angola,LMC,8036.6904296875,51.8,6.7,4.4,11.5,11.9,13.5,,,Yes,Yes,25096150,92000.0,,4213643.585,,waste_collection_coverage_total_percent_of_waste,Percent of population,2011.0,"UNSD (United Nations Statistics Division). 2016a. ""Environmental Indicators: Waste. Municipal Waste Collected."" United Nations Statistics Division (UNSD), United Nations. November. http://unstats.un.org/unsd/ENVIRONMENT/qindicators.htm."
ALB,ECS,Albania,UMC,13724.05859375,51.4,4.5,4.8,15.21,9.9,9.6,No,Yes,Yes,Yes,2854191,20000.0,5714.82,1087446.75,,special_waste_construction_and_demolition_waste_tons_year,tonnes/year,2016.0,"Albania, INSTAT (Institute of Statistics). 2017. ""Urban and Insert Solid Wastes."" Institute of Statistics (INSTAT), Government of Albania. http://www.instat.gov.al/en/themes/environment-and-energy/environment/#tab2"
AND,ECS,Andorra,HIC,43711.80078125,31.2,8.2,2.6,11.6,35.1,11.3,,Yes,Yes,Yes,82431,,1788.0,43000.0,,waste_collection_coverage_total_percent_of_waste,Percent of population,2012.0,"UNSD (United Nations Statistics Division). 2016a. ""Environmental Indicators: Waste. Municipal Waste Collected."" United Nations Statistics Division (UNSD), United Nations. November. http://unstats.un.org/unsd/ENVIRONMENT/qindicators.htm."
ARE,MEA,United Arab Emirates,HIC,67119.1328125,39.0,4.0,3.0,10.0,25.0,19.0,Yes,Yes,,Yes,9770529,134000.0,57525.0,5617682.0,20.0,special_waste_agricultural_waste_tons_year,tonnes/year,2015.0,"Abu Dhabi SCAD (Statistics Centre Abu Dhabi). 2016. ""Waste Statistics 2015."""
ARG,LCN,Argentina,HIC,23550.099609375,38.74,3.16,1.84,15.36,13.96,14.61,Yes,,Yes,Yes,42981516,291700.0,310044.0,17910550.0,6.0,waste_treatment_controlled_landfill_percent,tonnes/year,2010.0,"Argentina SIDSA (System of Indicators of Sustainable Development). 2015. ""System of Indicators of Sustainable Development, Argentina."" 8th Edition. [SIDSA (Sistema de Indicadores de Desarrollo Sostenible). 2015. ""Sistema de Indicadores de Desarrollo Sostenible, Argentina"". Octava Edición.] ISBN 978-987-29340-8-8."
ARM,ECS,Armenia,UMC,11019.8388671875,57.0,3.2,3.4,17.4,6.7,11.4,No,No,Yes,No,2906220,14000.0,62270.0,492800.0,,special_waste_agricultural_waste_tons_year,tonnes/year,2015.0,"Armenia National Statistical Service. 2015. Accessed July 20, 2017. http://armstatbank.am/pxweb/en/ArmStatBank/ArmStatBank__8%20Environment%20and%20energy__Environment__(I)%20Waste/EE-i1-2-2015.px/table/tableViewLayout2/?rxid=002cc9e9-1bc8-4ae6-aaa3-40c0e377450a."
ASM,EAS,American Samoa,UMC,11113.4423828125,19.7,3.4,7.9,25.6,26.4,12.8,,Yes,,,55599,,,18989.49,,waste_collection_coverage_total_percent_of_waste,Percent of population,2014.0,"SPREP (Secretariat of the Pacific Regional Environment Programme). 2016. ""Cleaner Pacific 2025: Pacific Regional Waste and Pollution Management Strategy, 2016–2025."" Secretariat of the Pacific Regional Environment Programme, Apia, Samoa. https://sustainabledevelopment.un.org/content/documents/commitments/1326_7636_commitment_cleaner-pacific-strategy-2025.pdf."
ATG,LCN,Antigua and Barbuda,HIC,17965.501953125,46.0,7.0,7.0,12.0,15.0,13.0,No,Yes,Yes,No,96777,1100.0,,30585.0,,waste_treatment_compost_percent,tonnes/year,2011.0,"Antigua and Barbuda, Statistics Divison. 2014. ""Antigua and Barbuda 2011 Population and Housing Census– Book of Statistical Tables."" April."
AUS,EAS,Australia,HIC,47784.1796875,48.44,3.81,19.38,3.46,17.3,7.61,Yes,Yes,Yes,Yes,23789338,574000.0,7000000.0,13345000.0,42.1,special_waste_construction_and_demolition_waste_tons_year,tonnes/year,2015.0,"Australia, Department of the Environment and Energy. 2017. ""Australian National Waste Report 2016."" Department of the Environmentand Energy and Blue Environment Pty Ltd."
AUT,ECS,Austria,HIC,56029.61328125,31.4,7.0,4.4,18.5,19.7,11.1,,Yes,Yes,No,8877067,166174.0,1272288.0,5219715.5,25.66,special_waste_agricultural_waste_tons_year,tonnes/year,2014.0,"Eurostat. 2017a. ""Generation of waste by waste category, hazardousness and NACE Rev. 2 activity [env_wasgen]."""
AZE,ECS,Azerbaijan,UMC,14853.91015625,45.19,5.28,3.49,13.73,10.93,7.87,,Yes,Yes,No,9649341,63000.0,296979.4,2930349.0,,waste_collection_coverage_total_percent_of_waste,Percent of population,2015.0,"Azerbaijan, Ministry of Economy. 2017. ""National Solid Waste Manegement Strategy Plan: Volume I (Main Report)."" Aim Texas Trading, LLC – ICP Joint Venture, on behalf of Ministry of Economy, Government of Azerbaijan, Baku."
BDI,SSF,Burundi,LIC,839.7785034179686,81.0,2.9,2.1,3.2,7.3,3.5,,,,,6741569,5000.0,,1872016.0,,special_waste_e_waste_tons_year,tonnes/year,2016.0,"Baldé, C.P., Forti V., Gray, V., Kuehr, R., Stegmann, P. 2017. ""The Global E-waste Monitor 2017- Quantities, Flows, and Resources."" United Nations University (UNU), International Telecommunication Union (ITU) and International Solid Waste Association (ISWA), Bonn/Geneva/Vienna. ISBN Printed Version: 978-92-808-9053-2. ISBN Electronic Version: 978-92-808-9054-9. ISSN 2522-7033."
BEL,ECS,Belgium,HIC,51914.9140625,14.18,3.1,1.91,40.14,18.38,13.94,,Yes,Yes,No,11484055,603575.0,2946195.0,4765883.0,34.303,special_waste_agricultural_waste_tons_year,tonnes/year,2014.0,"Eurostat. 2017a. ""Generation of waste by waste category, hazardousness and NACE Rev. 2 activity [env_wasgen]."""
BEN,SSF,Benin,LIC,2227.352294921875,52.1,1.6,1.6,34.3,3.1,7.3,,,Yes,Yes,5521763,8200.0,,685936.01,25.0,special_waste_e_waste_tons_year,tonnes/year,2016.0,"Baldé, C.P., Forti V., Gray, V., Kuehr, R., Stegmann, P. 2017. ""The Global E-waste Monitor 2017- Quantities, Flows, and Resources."" United Nations University (UNU), International Telecommunication Union (ITU) and International Solid Waste Association (ISWA), Bonn/Geneva/Vienna. ISBN Printed Version: 978-92-808-9053-2. ISBN Electronic Version: 978-92-808-9054-9. ISSN 2522-7033."
BFA,SSF,Burkina Faso,LIC,1925.3311767578125,21.0,1.0,1.0,61.0,7.0,9.0,No,No,Yes,Yes,18110624,11000.0,7871.0,2575251.11,12.0,waste_collection_coverage_total_percent_of_waste,Percent of waste,2015.0,"Cissé, Sidi Mahamadou. 2015. Director of Sanitation, Government of Burkina Faso. Personal communication with the World Bank."
BGD,SAS,Bangladesh,LMC,3195.737060546875,80.57999999999998,0.44,0.5,8.59,3.04,4.67,No,Yes,Yes,Yes,155727056,142000.0,114358.0,14778497.33,,special_waste_agricultural_waste_tons_year,tonnes/year,2007.0,"Anon. 2010. ""Country Presentation Bangladesh."" 2nd Meeting of the Regional 3R Forum in Asia. Kuala Lumpur. October 4-6."
BGR,ECS,Bulgaria,UMC,22279.361328125,24.35,5.83,1.98,17.93,14.18,12.15,Yes,Yes,Yes,Yes,7025037,53785.0,12206169.0,2859190.0,19.03,special_waste_agricultural_waste_tons_year,tonnes/year,2015.0,"Eurostat. 2017a. ""Generation of waste by waste category, hazardousness and NACE Rev. 2 activity [env_wasgen]."""
BHR,MEA,Bahrain,HIC,47937.77734375,59.1,3.4,2.1,15.2,12.8,7.4,No,Yes,Yes,,1425171,20000.0,31000.0,951942.96945,8.0,special_waste_construction_and_demolition_waste_tons_year,tonnes/year,2009.0,"Al Sabbagh, Maram K., Costas A. Velis, David C. Wilson, and Christopher R. Cheeseman. 2012. ""Resource management performance in Bahrain: A systematic analysis of municipal waste management, secondary material flows and organizational aspects."" Waste Management and Research 30(8) 813– 824. http://journals.sagepub.com/doi/pdf/10.1177/0734242X12441962"
BHS,LCN,"Bahamas, The",HIC,35400.08203125,46.0,7.0,7.0,12.0,15.0,13.0,No,Yes,No,No,386838,4900.0,,264000.0,,special_waste_e_waste_tons_year,tonnes/year,2016.0,"Baldé, C.P., Forti V., Gray, V., Kuehr, R., Stegmann, P. 2017. ""The Global E-waste Monitor 2017- Quantities, Flows, and Resources."" United Nations University (UNU), International Telecommunication Union (ITU) and International Solid Waste Association (ISWA), Bonn/Geneva/Vienna. ISBN Printed Version: 978-92-808-9053-2. ISBN Electronic Version: 978-92-808-9054-9. ISSN 2522-7033."
BIH,ECS,Bosnia and Herzegovina,UMC,12671.0078125,,,,92.7,4.9,,No,No,No,Yes,3535961,1409.0,8408.0,1248718.0,0.00097,special_waste_construction_and_demolition_waste_tons_year,tonnes/year,2014.0,"Bosnia and Herzegovina. 2014. ""First release: Generated construction and demolition waste."""
BLR,ECS,Belarus,UMC,18307.51953125,30.0,8.0,2.0,35.0,5.0,12.0,Yes,Yes,Yes,Yes,9489616,72000.0,1336926.0,4280000.0,16.0,waste_treatment_controlled_landfill_percent,tonnes/year,2016.0,"Belarus, Ministry of Housing and Utility. 2017b. ""Report on sanitation of cities and populated areas for 2016."""
BLZ,LCN,Belize,UMC,7259.0244140625,47.0,8.0,5.0,5.0,16.0,19.0,Yes,Yes,Yes,,359288,2300.0,,101378.83030000002,,waste_collection_coverage_total_percent_of_waste,Percent of population,2010.0,"IDB-AIDIS-PAHO (Inter-American Development Bank, Inter-American Association of Sanitary and Environmental Engineering, and Pan American Health Organization). 2011. ""Report of the Regional Evalution of the Management of Municipal Solid Waste in Latin American and the Caribbean 2010"" [""Informe de la Evaluación Regional del Manejo de Residuos Sólidos Urbanos en América Latina y el Caribe 2010""]. Inter-American Development Bank (IDB), Inter-American Association of Sanitary and Environmental Engineering [Asociación Interamericana de Ingeniería Sanitaria y Ambiental (AIDIS)], and Pan American Health Organization (PAHO) [Organización Panamericana de la Salud (OPS)]."
BMU,NAC,Bermuda,HIC,80982.3671875,17.0,9.0,6.0,26.0,29.0,13.0,Yes,Yes,Yes,No,64798,,525.0,82000.0,2.0,waste_treatment_compost_percent,tonnes/year,2012.0,"UNSD (United Nations Statistics Division). 2016b. ""Environmental Indicators: Waste. Municipal Waste Treated."" United Nations Statistics Division (UNSD), United Nations. November. http://unstats.un.org/unsd/ENVIRONMENT/qindicators.htm."
BOL,LCN,Bolivia,LMC,7984.41357421875,55.19691119691119,2.9034749034749034,2.501930501930502,22.702702702702705,6.501930501930501,10.193050193050194,Yes,Yes,Yes,No,10724705,35392.0,545183.0,2219052.0,12.11,waste_treatment_compost_percent,tonnes/year,2015.0,"Bolivia, MMAyA/VAPSB/DGGIRS. 2016. ""National Infrastructure Program for Solid Waste Management, 2017–2020"" [""Programa Nacional de Infraestructuras en Gestión Integral de Residuos Sólidos, 2017–2020""]. General Directorate of Integrated Solid Waste Management, Sub-Ministry of Potable Water and Basic Sanitation, Ministry of Environment and Water [Dirección General de Gestión Integral de Residuos Sólidos, Viceministerio de Agua Potable y Saneamiento Básico, Ministerio de Medio Ambiente y Agua], Government of Bolivia."
BRA,LCN,Brazil,UMC,14596.24609375,51.4,2.4,2.9,16.7,13.1,13.5,Yes,Yes,Yes,Yes,208494896,1411900.0,,79069584.0,1.4,waste_treatment_compost_percent,tonnes/year,2015.0,"Brazil SNIS (National Sanitation Information System). 2017. ""Diagnosis of Urban Solid Waste Management - 2015."" [SNIS (Sistema Nacional de Informações sobre Saneamento). 2017. ""Diagnóstico do Manejo de Resíduos Sólidos Urbanos – 2015""]. Ministry of Cities, National Secretariat of Environmental Sanitation [Ministério das Cidades, Secretaria Nacional de Saneamento Ambiental]."
BRB,LCN,Barbados,HIC,15444.74609375,18.3,3.7,4.9,5.7,19.7,17.1,No,Yes,No,No,280601,3800.0,9410.337,174815.44444444444,9.0,special_waste_construction_and_demolition_waste_tons_year,tonnes/year,2011.0,"Burnside. 2014. ""Preliminary Draft: Waste Characterization Report: Mangrove Pond Green Energy Complex."" R. J. Burnside International Limited for the Sanitation Service Authority, Government of Barbados. St. James, January."
BRN,EAS,Brunei Darussalam,HIC,60865.98828125,36.0,3.0,4.0,15.0,18.0,16.0,,Yes,Yes,Yes,423196,7700.0,,216253.156,,waste_treatment_compost_percent,tonnes/year,2014.0,"Shams. S., R. H. M. Juani and Z.Guo. 2014. ""Integrated and sustainable solid waste management for Brunei Darussalam."" DOI: 10.1049/cp.2014.1066. https://www.researchgate.net/publication/272042749_Integrated_and_sustainable_solid_waste_management_for_Brunei_Darussalam"
BTN,SAS,Bhutan,LMC,6743.01611328125,58.0,4.0,1.0,7.0,17.0,13.0,No,Yes,Yes,Yes,686958,1457.5,,111314.05,0.86,waste_treatment_compost_percent,tonnes/year,2016.0,"Bhutan, National Environment Commission. 2016. ""Bhutan State of Environment Report 2016."" ISBN # 978-99936-865-5-2."
BWA,SSF,Botswana,UMC,14126.3896484375,8.1,,0.1,91.9,,,,,,,2014866,16000.0,,210854.442618916,1.0,waste_collection_coverage_rural_percent_of_households,Percent of households,1998.0,"Kgathi, Donald L., and Benjamin Bolaane. 2001. ""Instrument for sustainable solid waste management in Botswana."" Waste Management and Research 19(4) 342-53."
CAF,SSF,Central African Republic,LIC,822.6104736328125,,,,,,,,,Yes,No,4515392,2700.0,,1105983.0,,special_waste_e_waste_tons_year,tonnes/year,2016.0,"Baldé, C.P., Forti V., Gray, V., Kuehr, R., Stegmann, P. 2017. ""The Global E-waste Monitor 2017- Quantities, Flows, and Resources."" United Nations University (UNU), International Telecommunication Union (ITU) and International Solid Waste Association (ISWA), Bonn/Geneva/Vienna. ISBN Printed Version: 978-92-808-9053-2. ISBN Electronic Version: 978-92-808-9054-9. ISSN 2522-7033."
CAN,NAC,Canada,HIC,47672.078125,24.0,6.0,13.0,8.0,47.0,3.0,Yes,Yes,Yes,Yes,35544564,724000.0,,25103034.0,20.590000000000003,special_waste_agricultural_waste_tons_year,tonnes/year,2006.0,"Canada, Statistics Canada. 2012. ""Human Activity and the Environment: Waste Management in Canada."" Catalogue no. 16-201-X. Ottawa, September."
CHE,ECS,Switzerland,HIC,68394.2890625,29.0,4.0,3.0,29.0,20.0,15.0,,Yes,Yes,,8574832,184000.0,1200000.0,6079556.0,32.0,waste_treatment_compost_percent,tonnes/year,2015.0,"OECD (Organisation for Economic Co-operation and Development). 2017. ""Municipal Waste (Indicator)."" OECD Data, Organisation for Economic Co-operation and Development (OECD). Accessed May 28, 2017. https://data.oecd.org/waste/municipal-waste.htm."
CHI,ECS,Channel Islands,HIC,46672.59375,,,,,,,,Yes,Yes,,164541,,,178933.0,28.43020231213873,waste_treatment_compost_percent,tonnes/year,2016.0,"States of Guernsey. 2017. ""Guernsey Facts and Figures 2017."" States of Guernsey Data and Analysis. https://www.gov.gg/CHttpHandler.ashx?id=110282andp=0"
CHL,LCN,Chile,HIC,20361.71484375,53.3,6.6,2.3,16.0,12.4,9.4,Yes,No,Yes,Yes,16829442,176000.0,249755.0,6517000.0,0.37,waste_treatment_compost_percent,tonnes/year,2009.0,"Chile, CONAMA (National Environmental Commission [Comisión Nacional de Medio Ambiente]). 2010. ""First Report on Solid Waste Management in Chile"" [""Primer Reporte del Manejo de Residuos Sólidos en Chile""]. National Environmental Commission [Comision Nacional de Medio Ambiente (CONAMA)], Government of Chile."
CHN,EAS,China,UMC,16092.30078125,61.2,2.1,1.1,13.1,9.6,9.8,,Yes,Yes,Yes,1400050048,7211000.0,34652400.0,395081376.0,,special_waste_agricultural_waste_tons_year,tonnes/year,2011.0,"Takeda, Nobou, Wei Wang and Masaki Takaoka, eds. 2014. Solid Waste Management, Urban Environment 3. Kyoto University Press."
CIV,SSF,Côte d’Ivoire,LMC,3660.90283203125,,,,,,,,Yes,Yes,Yes,20401332,22000.0,,4440814.27,3.0,special_waste_e_waste_tons_year,tonnes/year,2016.0,"Baldé, C.P., Forti V., Gray, V., Kuehr, R., Stegmann, P. 2017. ""The Global E-waste Monitor 2017- Quantities, Flows, and Resources."" United Nations University (UNU), International Telecommunication Union (ITU) and International Solid Waste Association (ISWA), Bonn/Geneva/Vienna. ISBN Printed Version: 978-92-808-9053-2. ISBN Electronic Version: 978-92-808-9054-9. ISSN 2522-7033."
CMR,SSF,Cameroon,LMC,3262.763671875,83.4,0.1,0.7,10.4,2.1,3.3,,,Yes,Yes,21655716,19000.0,8716.6,3270616.59,0.4,waste_collection_coverage_total_percent_of_waste,Percent of population,2009.0,"UNSD (United Nations Statistics Division). 2016a. ""Environmental Indicators: Waste. Municipal Waste Collected."" United Nations Statistics Division (UNSD), United Nations. November. http://unstats.un.org/unsd/ENVIRONMENT/qindicators.htm."
COD,SSF,"Congo, Dem. Rep.",LIC,1055.572998046875,,,,,,,,,Yes,No,78736152,,,14385226.02,4.9,waste_treatment_recycling_percent,tonnes/year,2005.0,"AFED (Arab Forum for Environment and Development). 2008. ""Arab Environment: Future Challenges. 2008 Report of the Arab Forum for Environment and Development."" Edited by Mostafa K. Tolba and Najib W. Saab."
COG,SSF,"Congo, Rep.",LMC,4899.57958984375,,,,,,,No,No,Yes,No,2648507,,,451200.0,26.2,waste_treatment_recycling_percent,tonnes/year,2005.0,"AFED (Arab Forum for Environment and Development). 2008. ""Arab Environment: Future Challenges. 2008 Report of the Arab Forum for Environment and Development."" Edited by Mostafa K. Tolba and Najib W. Saab."
COL,LCN,Colombia,UMC,12523.0068359375,59.58,2.35,1.1,15.74,8.4,12.83,Yes,,No,Yes,46406648,252200.0,270146.3,12150120.0,17.2,waste_collection_coverage_rural_percent_of_households,Percent of households,2014.0,"Colombia, Superintendence of Home Public Services. 2015. ""Sectoral Report of the Public Toilet Service Great Providers"". [REPÚBLICA DE COLOMBIA. Superintendencia de Servicios Públicos Domiciliarios. ""Informe Sectorial del Servicio Público de Aseo""]. "
COM,SSF,Comoros,LIC,2959.5400390625,50.0,2.0,4.0,22.0,7.0,5.0,,,Yes,,777424,600.0,,91013.0,,special_waste_e_waste_tons_year,tonnes/year,2016.0,"Baldé, C.P., Forti V., Gray, V., Kuehr, R., Stegmann, P. 2017. ""The Global E-waste Monitor 2017- Quantities, Flows, and Resources."" United Nations University (UNU), International Telecommunication Union (ITU) and International Solid Waste Association (ISWA), Bonn/Geneva/Vienna. ISBN Printed Version: 978-92-808-9053-2. ISBN Electronic Version: 978-92-808-9054-9. ISSN 2522-7033."
CPV,SSF,Cabo Verde,LMC,6353.783203125,,,,,,,Yes,Yes,Yes,,513979,2400.0,3548.92,132555.0,,waste_collection_coverage_total_percent_of_waste,Percent of population,2012.0,"UNSD (United Nations Statistics Division). 2016a. ""Environmental Indicators: Waste. Municipal Waste Collected."" United Nations Statistics Division (UNSD), United Nations. November. http://unstats.un.org/unsd/ENVIRONMENT/qindicators.htm."
CRI,LCN,Costa Rica,UMC,18168.71484375,58.0,1.0,2.0,7.0,21.0,11.0,,,Yes,No,4757575,35800.0,,1460000.0,1.26,special_waste_construction_and_demolition_waste_tons_year,tonnes/year,2008.0,"UICN (International Union for the Conservation of Nature and Natural Resources). 2011. ""Debris and other construction waste management guide."" [UICN (Unión Internacional para la Conservación de la Naturaleza y de los Recursos Naturales ). 2011. ""Guía de manejo de escombros y otros residuos de la construcción""]. UICN, Oficina Regional para Mesoamérica y la Iniciativa Caribe. San José."
CUB,LCN,Cuba,UMC,12984.7109375,68.9,4.6,1.6,3.0,12.3,9.6,No,No,No,Yes,11303687,,565216.0,2692691.98,9.49,waste_treatment_controlled_landfill_percent,tonnes/year,2015.0,"Cuba, ONEI (National Office of Statistics and Information [Oficina Nacional de Estadística e Información]). 2017. ""Catalogue of Publications."" /// Rebelde, Juventud. 2007. ""The 100th Street Landfill"" [""El Vertedero de la Calle 100""]. July 8. /// Anon. n.d.(g). Joint study by representatives of the following organizations: Departamento de Estudios sobre Contaminación Ambiental (DECA), Centro Nacional de Investigaciones Científicas (CNIC), Consultoría de Ingeniería y Arquitectura (CETA), Centro de Estudios de Ingeniería de Procesos (CIPRO), Instituto Superior Politécnico ‘‘José Antonio Echeverría’’ (ISPJAE, CUJAE), Laboratorio de Análisis de Residuos (LARE), Dirección Provincial de Servicios Comunales, Ministerio de Economía y Planificación Estimated Entries to Campo Florido. Cited in Periodísmo de Barrio article, but original source unknown."
CUW,LCN,Curacao,HIC,27503.7890625,,,,,,,,Yes,Yes,,153822,,,24703.813200000004,2.0,waste_treatment_recycling_percent,tonnes/year,2013.0,"PricewaterhouseCoopers Aruba. 2014. ""Environmental Sustainability Ranking: Determining and Fortifying Aruba’s Position in the Caribbean."" Version 1.1. PricewaterhouseCoopers Aruba. October 28. https://www.pwc.com/an/en/publications/assets/pwc-environmental-sustainability-ranking-positioning-and-fortifying-aruba-in-caribbean.pdf."
CYM,LCN,Cayman Islands,HIC,66207.4453125,10.9,3.5,6.2,11.4,31.1,11.0,,Yes,Yes,,59172,,,60000.0,21.0,composition_food_organic_waste_percent,%,2003.0,"Amec Foster Wheeler. 2016. ""National Solid Waste Management Strategy for the Cayman Islands: Final Report."" Amec Foster Wheeler Environment and Infrastructure UK Limited, for the Government of Cayman Islands. June. http://ministryofhealth.gov.ky/sites/default/files/36082%20Strategy%20Final%20Report%2016229i1.pdf."
CYP,ECS,Cyprus,HIC,39544.68359375,41.47,2.66,3.25,10.07,25.7,14.77,Yes,Yes,Yes,No,1198575,18137.0,173377.0,769485.125,13.31,special_waste_agricultural_waste_tons_year,tonnes/year,2015.0,"Eurostat. 2017a. ""Generation of waste by waste category, hazardousness and NACE Rev. 2 activity [env_wasgen]."""
CZE,ECS,Czech Republic,HIC,40836.328125,62.3,2.4,8.4,14.899999999999997,9.1,2.2,,Yes,Yes,Yes,10669709,79581.0,1162342.0,5334854.5,25.5,special_waste_agricultural_waste_tons_year,tonnes/year,2015.0,"Eurostat. 2017a. ""Generation of waste by waste category, hazardousness and NACE Rev. 2 activity [env_wasgen]."""
DEU,ECS,Germany,HIC,53784.78125,30.0,10.0,1.4,17.7,24.0,13.0,,Yes,Yes,Yes,83132800,2465085.0,21812660.0,50627876.0,47.83,special_waste_agricultural_waste_tons_year,tonnes/year,2014.0,"Eurostat. 2017a. ""Generation of waste by waste category, hazardousness and NACE Rev. 2 activity [env_wasgen]."""
DJI,MEA,Djibouti,LMC,6596.775390625,,,,,,,,,,,746221,900.0,,114997.24900398408,,special_waste_e_waste_tons_year,tonnes/year,2016.0,"Baldé, C.P., Forti V., Gray, V., Kuehr, R., Stegmann, P. 2017. ""The Global E-waste Monitor 2017- Quantities, Flows, and Resources."" United Nations University (UNU), International Telecommunication Union (ITU) and International Solid Waste Association (ISWA), Bonn/Geneva/Vienna. ISBN Printed Version: 978-92-808-9053-2. ISBN Electronic Version: 978-92-808-9054-9. ISSN 2522-7033."
DMA,LCN,Dominica,UMC,11708.6396484375,45.0,8.0,5.0,14.0,12.0,16.0,Yes,Yes,Yes,No,72400,,627.0,13176.0,,waste_treatment_controlled_landfill_percent,tonnes/year,2005.0,"UNSD (United Nations Statistics Division). 2013. ""Dominica Environment Statistics Country Snapshot."" February."
DNK,ECS,Denmark,HIC,57821.19921875,12.78,5.78,6.29,23.86,11.57,1.61,Yes,Yes,Yes,Yes,5818553,168614.0,1718394.0,4910858.5,27.27,special_waste_agricultural_waste_tons_year,tonnes/year,2015.0,"Eurostat. 2017a. ""Generation of waste by waste category, hazardousness and NACE Rev. 2 activity [env_wasgen]."""
DOM,LCN,Dominican Republic,UMC,15328.3525390625,51.0,6.0,3.0,10.0,16.0,10.0,No,Yes,No,No,10528394,57000.0,,4063910.0,8.2,waste_collection_coverage_total_percent_of_waste,Percent of households,2010.0,"Dominican Republic, Ministry of Economy Planning and Development. 2012. ""IX National Population and Housing Census 2010: Characteristics of Housing and Household"". National Statistics Office. [Ministerio de Economía Planificación y Desarrollo - OFICINA NACIONAL DE ESTADÍSTICA - Santo Domingo. ""IX Censo Nacional de Población y Vivienda 2010: Características de la Vivienda y del Hogar- Volumen II""]. "
DZA,MEA,Algeria,UMC,11826.1650390625,54.4,1.2,2.8,0.8,9.8,16.9,Yes,Yes,Yes,,40606052,252000.0,330000.0,12378740.0,8.0,waste_treatment_compost_percent,tonnes/year,2013.0,"GIZ and SWEEP-Net. 2014a. ""Country Report on the Solid Waste Management in Algeria."" German Corporation for International Cooperation [Deutsche Gesellschaft für Internationale Zusammenarbeit GmbH (GIZ)] and Regional Solid Waste Exchange of Information and Expertise Network in Mashreq and Maghreb Countries (SWEEP-Net), on behalf of the German Federal Ministry for Economic Cooperation and Development [Bundesministerium für wirtschaftliche Zusammenarbeit und Entwicklung (BMZ)]. April."
ECU,LCN,Ecuador,UMC,11896.376953125,58.67,3.01,1.53,13.78,10.25,11.44,Yes,Yes,No,Yes,16144368,73000.0,193812.0,5297211.142533937,12.9,waste_collection_coverage_rural_percent_of_households,Percent of households,2016.0,"Ecuador ENEMDU (Employment, Unemployment and Underemployment Survey). 2017. ""Percentage of households with garbage collection service: Housing Tabulations"". [Encuesta de Empleo, Desempleo y Subempleo - ENEMDU. 2017. ""Porcentaje de hogares con servicio de recolección de basura""]."
EGY,MEA,"Egypt, Arab Rep.",LMC,10301.107421875,56.0,4.0,2.0,15.0,10.0,13.0,Yes,Yes,No,Yes,87813256,497000.0,380000.0,21000000.0,12.5,special_waste_agricultural_waste_tons_year,tonnes/year,2012.0,"GIZ and SWEEP-Net. 2014c. ""Country Report on the Solid Waste Management in Egypt."" German Corporation for International Cooperation [Deutsche Gesellschaft für Internationale Zusammenarbeit GmbH (GIZ)] and Regional Solid Waste Exchange of Information and Expertise Network in Mashreq and Maghreb Countries (SWEEP-Net), on behalf of the German Federal Ministry for Economic Cooperation and Development [Bundesministerium für wirtschaftliche Zusammenarbeit und Entwicklung (BMZ)]. April."
ERI,SSF,Eritrea,LIC,1714.5523681640625,,,,,,,,,,,4474690,3800.0,,726957.37,,special_waste_e_waste_tons_year,tonnes/year,2016.0,"Baldé, C.P., Forti V., Gray, V., Kuehr, R., Stegmann, P. 2017. ""The Global E-waste Monitor 2017- Quantities, Flows, and Resources."" United Nations University (UNU), International Telecommunication Union (ITU) and International Solid Waste Association (ISWA), Bonn/Geneva/Vienna. ISBN Printed Version: 978-92-808-9053-2. ISBN Electronic Version: 978-92-808-9054-9. ISSN 2522-7033."
ESP,ECS,Spain,HIC,40985.55859375,49.0,8.0,3.0,14.0,15.0,9.0,No,Yes,Yes,Yes,47076780,1202597.0,2984518.0,22408548.0,16.84,special_waste_agricultural_waste_tons_year,tonnes/year,2014.0,"Eurostat. 2017a. ""Generation of waste by waste category, hazardousness and NACE Rev. 2 activity [env_wasgen]."""
EST,ECS,Estonia,HIC,36956.28515625,36.7,8.3,2.6,15.9,17.5,18.6,Yes,Yes,Yes,No,1326590,34312.0,10410321.0,489511.71875,24.74,special_waste_agricultural_waste_tons_year,tonnes/year,2015.0,"Eurostat. 2017a. ""Generation of waste by waste category, hazardousness and NACE Rev. 2 activity [env_wasgen]."""
ETH,SSF,Ethiopia,LIC,1779.083984375,87.6,0.8,1.2,4.4,3.8,2.3,,Yes,Yes,,99873032,49000.0,,6532786.97,,waste_collection_coverage_total_percent_of_waste,Percent of waste,2017.0,"Ethiopia MoEFCC (Ministry of Environment, Forest and ​Climate Change). 2017. ""Urban Solid Waste management compliance problems in 21 city of Ethiopia."" Adama, June 22-24."
FIN,ECS,Finland,HIC,48814.30859375,35.88,9.24,1.7,13.13,37.83,1.45,Yes,Yes,Yes,Yes,5520314,212954.0,1998693.0,3124497.75,28.12,special_waste_agricultural_waste_tons_year,tonnes/year,2014.0,"Eurostat. 2017a. ""Generation of waste by waste category, hazardousness and NACE Rev. 2 activity [env_wasgen]."""
FJI,EAS,Fiji,UMC,10787.685546875,33.2,4.1,1.9,3.5,12.5,7.5,,Yes,Yes,Yes,867086,4600.0,,189389.594,5.45,special_waste_e_waste_tons_year,tonnes/year,2016.0,"Baldé, C.P., Forti V., Gray, V., Kuehr, R., Stegmann, P. 2017. ""The Global E-waste Monitor 2017- Quantities, Flows, and Resources."" United Nations University (UNU), International Telecommunication Union (ITU) and International Solid Waste Association (ISWA), Bonn/Geneva/Vienna. ISBN Printed Version: 978-92-808-9053-2. ISBN Electronic Version: 978-92-808-9054-9. ISSN 2522-7033."
FRA,ECS,France,HIC,46110.18359375,32.0,10.0,3.0,26.0,20.0,9.0,,Yes,Yes,Yes,67059888,2218682.0,10783405.0,36748820.0,22.26,special_waste_agricultural_waste_tons_year,tonnes/year,2014.0,"Eurostat. 2017a. ""Generation of waste by waste category, hazardousness and NACE Rev. 2 activity [env_wasgen]."""
FRO,ECS,Faeroe Islands,HIC,44402.87890625,,,,,,,,,Yes,No,48842,,,61000.0,67.0,waste_treatment_recycling_percent,tonnes/year,2012.0,"Nordic Competition Authorities. 2016. ""Competition in the Waste Management Sector: Preparing for a Circular Economy."" Nordic Competition Authorities: Konkurrensverket (Sweden), Konkurransetilsynet (Norway), Kilpailu ja Kuluttajavirasto (Finland), Samkeppniseftirlitid (Iceland), Konkurrence og Forbrugerstyrelsen (Denmark), Kappingareftirlitid (Faroe Islands), Forbruger og Konkurrencestyrelsen (Greenland). http://www.konkurrensverket.se/globalassets/publikationer/nordiska/nordic-report-2016_waste-management-sector.pdf."
FSM,EAS,"Micronesia, Fed. Sts.",LMC,3440.064208984375,23.83,7.07,16.73,9.32,13.3,26.17,,Yes,Yes,None,104937,200.0,,26039.57,,waste_collection_coverage_total_percent_of_waste,Percent of population,2011.0,"SPREP (Secretariat of the Pacific Regional Environment Programme). 2016. ""Cleaner Pacific 2025: Pacific Regional Waste and Pollution Management Strategy, 2016–2025."" Secretariat of the Pacific Regional Environment Programme, Apia, Samoa. https://sustainabledevelopment.un.org/content/documents/commitments/1326_7636_commitment_cleaner-pacific-strategy-2025.pdf."
GAB,SSF,Gabon,UMC,18514.65234375,,,,,,,,,,Yes,1086137,14000.0,,238102.31,,waste_collection_coverage_rural_percent_of_households,Percent of population,2000.0,"Gabon, Ministry of Housing, Housing, Planning, Environment and Sustainable Development. 2011. ""Diagnostic Study for the Development of a National Habitat and Urban Development Strategy in Gabon."" [GOUVERNEMENT DE LA RÉPUBLIQUE DU GABON, MINISTERE DE L’HABITAT, DU LOGEMENT, DE L’URBANISME, DE L’ENVIRONNEMENT ET DU DEVELOPPEMENT DURABLE. 2011. ""ETUDE DIAGNOSTIQUE POUR L’ELABORATIOND’UNE STRATEGIE NATIONALE D’HABITAT ET DE DEVELOPPEMENT URBAIN AU GABON.""]. UNDP (United Nations Development Programme). United Nations Programme for Human Settlements."
GBR,ECS,United Kingdom,HIC,46290.12109375,16.7,2.2,3.5,28.2,18.9,20.2,Yes,Yes,Yes,No,66460344,3584126.0,5755258.0,30771140.0,27.25,special_waste_agricultural_waste_tons_year,tonnes/year,2014.0,"Eurostat. 2017a. ""Generation of waste by waste category, hazardousness and NACE Rev. 2 activity [env_wasgen]."""
GEO,ECS,Georgia,LMC,12605.1396484375,39.0,3.0,5.0,16.0,34.0,3.0,No,No,Yes,,3717100,21000.0,,800000.0,,waste_collection_coverage_total_percent_of_waste,Percent of population,2007.0,"UNSD (United Nations Statistics Division). 2016a. ""Environmental Indicators: Waste. Municipal Waste Collected."" United Nations Statistics Division (UNSD), United Nations. November. http://unstats.un.org/unsd/ENVIRONMENT/qindicators.htm."
GHA,SSF,Ghana,LMC,3092.596923828125,67.0,0.0,1.0,25.0,3.0,4.0,,Yes,Yes,Yes,21542008,39000.0,,3538274.97825,,special_waste_e_waste_tons_year,tonnes/year,2016.0,"Baldé, C.P., Forti V., Gray, V., Kuehr, R., Stegmann, P. 2017. ""The Global E-waste Monitor 2017- Quantities, Flows, and Resources."" United Nations University (UNU), International Telecommunication Union (ITU) and International Solid Waste Association (ISWA), Bonn/Geneva/Vienna. ISBN Printed Version: 978-92-808-9053-2. ISBN Electronic Version: 978-92-808-9054-9. ISSN 2522-7033."
GIB,ECS,Gibraltar,HIC,43711.80078125,24.57,4.42,4.37,14.38,33.65,15.86,,Yes,Yes,Yes,33623,201.44,58995.04,16954.0,,special_waste_construction_and_demolition_waste_tons_year,tonnes/year,2013.0,"Gibraltar, Ministry for the Environment. 2017. ""Gibraltar Waste Management Plan 2013."" Environmental Agency Gibraltar and Department of the Environment, Ministry for the Environment, Government of Gibraltar. Adopted December 2013. Revised December 2017. http://environmental-agency.gi/wp-content/uploads/2016/04/WasteManagementPlan2013.pdf."
GIN,SSF,Guinea,LIC,1622.77685546875,58.0,1.0,1.0,27.0,9.0,4.0,,,Yes,Yes,8132552,8000.0,,596911.0,5.0,special_waste_e_waste_tons_year,tonnes/year,2016.0,"Baldé, C.P., Forti V., Gray, V., Kuehr, R., Stegmann, P. 2017. ""The Global E-waste Monitor 2017- Quantities, Flows, and Resources."" United Nations University (UNU), International Telecommunication Union (ITU) and International Solid Waste Association (ISWA), Bonn/Geneva/Vienna. ISBN Printed Version: 978-92-808-9053-2. ISBN Electronic Version: 978-92-808-9054-9. ISSN 2522-7033."
GMB,SSF,"Gambia, The",LIC,2180.855712890625,35.0,1.9,2.1,51.4,9.7,,,Yes,Yes,No,1311349,2200.0,,193440.54,,special_waste_e_waste_tons_year,tonnes/year,2016.0,"Baldé, C.P., Forti V., Gray, V., Kuehr, R., Stegmann, P. 2017. ""The Global E-waste Monitor 2017- Quantities, Flows, and Resources."" United Nations University (UNU), International Telecommunication Union (ITU) and International Solid Waste Association (ISWA), Bonn/Geneva/Vienna. ISBN Printed Version: 978-92-808-9053-2. ISBN Electronic Version: 978-92-808-9054-9. ISSN 2522-7033."
GNB,SSF,Guinea-Bissau,LIC,1800.068603515625,,,,,,,,,,,1770526,1000.0,,289514.0,,special_waste_e_waste_tons_year,tonnes/year,2016.0,"Baldé, C.P., Forti V., Gray, V., Kuehr, R., Stegmann, P. 2017. ""The Global E-waste Monitor 2017- Quantities, Flows, and Resources."" United Nations University (UNU), International Telecommunication Union (ITU) and International Solid Waste Association (ISWA), Bonn/Geneva/Vienna. ISBN Printed Version: 978-92-808-9053-2. ISBN Electronic Version: 978-92-808-9054-9. ISSN 2522-7033."
GNQ,SSF,Equatorial Guinea,UMC,24827.072265625,,,,,,,,,,,1221490,,,198443.06,,total_msw_total_msw_generated_tons_year,tonnes/year,2016.0,
GRC,ECS,Greece,HIC,30465.44921875,40.0,3.0,3.0,9.0,29.0,14.0,No,Yes,Yes,Yes,10716322,188460.0,221041.0,5615352.5,19.0,special_waste_agricultural_waste_tons_year,tonnes/year,2014.0,"Eurostat. 2017a. ""Generation of waste by waste category, hazardousness and NACE Rev. 2 activity [env_wasgen]."""
GRD,LCN,Grenada,UMC,13207.7119140625,27.1,3.1,2.4,36.5,13.6,16.4,Yes,Yes,Yes,Yes,105481,800.0,,29536.113936927773,,waste_treatment_compost_percent,tonnes/year,2011.0,"Grenada, Population and Housing Census. 2011. http://finance.gd/images/Censussubmissionfinal.pdf."
GRL,ECS,Greenland,HIC,43948.5625,42.8,7.1,2.0,33.4,11.4,2.4,,,Yes,No,56905,,730.0,50000.0,,composition_food_organic_waste_percent,%,2011.0,"Eisted, Rasmus, and Thomas H. Christensen. 2011a. ""Characterization of Household Waste in Greenland."" Waste Management 31: 1461–1466. doi:10.1016/j.wasman.2011.02.018."
GTM,LCN,Guatemala,UMC,8125.36474609375,37.7144911834619,4.391835579814286,,18.01847364137028,16.046702153078943,17.290808751009344,,,No,Yes,16252429,55000.0,10051.0,2756740.97135,,waste_treatment_controlled_landfill_percent,tonnes/year,2010.0,"IDB-AIDIS-PAHO (Inter-American Development Bank, Inter-American Association of Sanitary and Environmental Engineering, and Pan American Health Organization). 2011. ""Report of the Regional Evalution of the Management of Municipal Solid Waste in Latin American and the Caribbean 2010"" [""Informe de la Evaluación Regional del Manejo de Residuos Sólidos Urbanos en América Latina y el Caribe 2010""]. Inter-American Development Bank (IDB), Inter-American Association of Sanitary and Environmental Engineering [Asociación Interamericana de Ingeniería Sanitaria y Ambiental (AIDIS)], and Pan American Health Organization (PAHO) [Organización Panamericana de la Salud (OPS)]."
GUM,EAS,Guam,HIC,59074.94140625,27.3,4.6,9.0,8.7,28.5,12.4,,Yes,Yes,Yes,159973,,,141500.0,17.85,waste_collection_coverage_rural_percent_of_households,Percent of population,2016.0,"SPREP (Secretariat of the Pacific Regional Environment Programme). 2016. ""Cleaner Pacific 2025: Pacific Regional Waste and Pollution Management Strategy, 2016–2025."" Secretariat of the Pacific Regional Environment Programme, Apia, Samoa. https://sustainabledevelopment.un.org/content/documents/commitments/1326_7636_commitment_cleaner-pacific-strategy-2025.pdf."
GUY,LCN,Guyana,UMC,9812.08984375,50.1,4.7,4.2,12.099999999999998,10.7,14.2,No,Yes,No,No,746556,5000.0,741.78,179251.5,0.54,waste_collection_coverage_total_percent_of_waste,Percent of population,2014.0,"IDB (Inter-American Development Bank). 2015. ""Situation of SOLID WASTE management in Latin America and the Caribbean"" [BID (Banco Interamericano de Desarrollo). 2015. ""Situación de la gestión de RESIDUOS SÓLIDOS en América Latina y el Caribe""]."
HKG,EAS,"Hong Kong SAR, China",HIC,57215.96875,35.0,3.0,2.0,14.0,22.0,21.0,Yes,Yes,Yes,Yes,7305700,70000.0,54812.0,5679816.465,34.0,special_waste_construction_and_demolition_waste_tons_year,tonnes/year,2015.0,"Hong Kong, Environmental Protection Department, Statistics Unit. 2016b. ""Monitoring of Solid Waste in Hong Kong: Waste Statistics for 2015."" December."
HND,LCN,Honduras,LMC,5395.61376953125,57.9,1.27,2.11,6.62,17.36,14.41,No,,Yes,Yes,9112867,1700.0,253.14,2162027.69575,,waste_treatment_controlled_landfill_percent,tonnes/year,2010.0,"IDB-AIDIS-PAHO (Inter-American Development Bank, Inter-American Association of Sanitary and Environmental Engineering, and Pan American Health Organization). 2011. ""Report of the Regional Evalution of the Management of Municipal Solid Waste in Latin American and the Caribbean 2010"" [""Informe de la Evaluación Regional del Manejo de Residuos Sólidos Urbanos en América Latina y el Caribe 2010""]. Inter-American Development Bank (IDB), Inter-American Association of Sanitary and Environmental Engineering [Asociación Interamericana de Ingeniería Sanitaria y Ambiental (AIDIS)], and Pan American Health Organization (PAHO) [Organización Panamericana de la Salud (OPS)]."
HRV,ECS,Croatia,HIC,28829.35546875,30.9,3.7,2.1,11.5,23.2,22.9,Yes,Yes,Yes,Yes,4067500,58078.0,130326.0,1810037.5,16.32,special_waste_agricultural_waste_tons_year,tonnes/year,2015.0,"Eurostat. 2017a. ""Generation of waste by waste category, hazardousness and NACE Rev. 2 activity [env_wasgen]."""
HTI,LCN,Haiti,LIC,2952.61865234375,61.3,1.6,2.5,16.80000000000001,4.1,12.7,No,No,No,No,10847334,6000.0,,2309852.45485,,waste_treatment_controlled_landfill_percent,tonnes/year,2012.0,"IHSI, IRD, Dial, Nopoor, ANR. 2014. ""The evolution of living conditions in Haiti between 2007 and 2012. The social replica of the earthquake""[""L’évolution des conditions de vie en Haïti entre 2007 et 2012. La réplique sociale du séisme""]. IHSI (Haitian Institute of Statistics and Informatics[Institut Haitien de Statistique et d'Informatique]). IRD (Research Institute for Development [Institut de recherche pour le développement]). ANR (The National Research Agency [l’Agence nationale de la recherche]). Port-au-Prince, Paris, June. // SWANA Haiti Response Team. 2010. ""Municipal Solid Waste Collection Needs in Port-au-Prince, Haiti: Position Paper."" Solid Waste Association of North America (SWANA). August. /// Naquin, Pascale. 2016. ""Design and Implementation of a Quantification and Characterization Campaign for Household Waste in the Territory of AITOM le Marien (Cap Haïtien – Limonade – Quartier Morin)"" [""Conception et réalisation d’une campagne de quantification et de caractérisation de déchets ménagers sur le territoire de l’AITOM le Marien (Cap Haïtien – Limonade – Quartier Morin)""]. Contract ATN/OC – 15 400 – HA. Inter-American Development Bank (IDB). December."
HUN,ECS,Hungary,HIC,32643.490234375,22.5,3.5,1.8,45.9,13.4,13.0,Yes,Yes,Yes,Yes,9769949,50066.0,596554.0,3780970.25,25.94,special_waste_agricultural_waste_tons_year,tonnes/year,2014.0,"Eurostat. 2017a. ""Generation of waste by waste category, hazardousness and NACE Rev. 2 activity [env_wasgen]."""
IDN,EAS,Indonesia,LMC,10531.1982421875,53.8,2.5,1.8,12.9,14.9,14.0,,Yes,Yes,Yes,261115456,1274000.0,23000000.0,65200000.0,7.0,special_waste_agricultural_waste_tons_year,tonnes/year,1997.0,"Modak, Prasad, Agamuthu Pariatamby, Jeffrey Seadon, Perinaz Bhada-Tata, Guilberto Borongan, Nang Sian Thawn, Ma. Bernadeth Lim. 2017. ""Asia Waste Management Outlook"". Edited by P. Modak. United Nations Environment Programme (UNEP), Asian Institute of Technology (AIT), and International Solid Waste Association (ISWA)."
IMN,ECS,Isle of Man,HIC,44203.62109375,,,,,,,Yes,Yes,Yes,,80759,,,50551.0,50.0,special_waste_construction_and_demolition_waste_tons_year,tonnes/year,2011.0,"Isle of Man, Department of Infrastructure. n.d. ""Waste Policy and Strategy, 2012 to 2022."" Waste Management, Department of Infrastructure, Government of Isle of Man. https://www.gov.im/media/472034/waste_strategy.pdf."
IND,SAS,India,LMC,6496.8076171875,,,,,,,No,Yes,Yes,Yes,1352617344,1700000.0,7467000.0,189750000.0,5.0,waste_treatment_compost_percent,tonnes/year,2016.0,"India CPCB (Central Pollution Control Board). 2017a. “Consolidated Annual Review Report on Implementation of Solid Wastes Management Rules, 2016 – Annual Review Report 2015-16.” Government of India Ministry of Environment, Forests and Climate Change. May."
IRL,ECS,Ireland,HIC,83388.71875,16.6,8.5,3.7,25.8,25.0,12.4,,Yes,Yes,Yes,4867316,212874.0,482907.0,2910655.0,33.0,special_waste_agricultural_waste_tons_year,tonnes/year,2014.0,"Eurostat. 2017a. ""Generation of waste by waste category, hazardousness and NACE Rev. 2 activity [env_wasgen]."""
IRN,MEA,"Iran, Islamic Rep.",UMC,14535.8623046875,72.9,1.9,2.3,5.0,7.3,8.5,No,Yes,Yes,Yes,80277424,630000.0,8000000.0,17885000.0,5.0,special_waste_agricultural_waste_tons_year,tonnes/year,2005.0,"Modak, Prasad, Agamuthu Pariatamby, Jeffrey Seadon, Perinaz Bhada-Tata, Guilberto Borongan, Nang Sian Thawn, Ma. Bernadeth Lim. 2017. ""Asia Waste Management Outlook"". Edited by P. Modak. United Nations Environment Programme (UNEP), Asian Institute of Technology (AIT), and International Solid Waste Association (ISWA)."
IRQ,MEA,Iraq,UMC,10310.6796875,68.7,2.3,0.98,6.0,9.6,5.29,No,No,No,,36115648,221000.0,20622.0,13140000.0,,waste_collection_coverage_total_percent_of_waste,Percent of population,2015.0,"Iraq, Ministry of Environment. 2015. ""State of the Environment in Iraq 2015"" [حالة البيئة في العراق لعام 2015]. Ministry of Environment, Government of Iraq."
ISL,ECS,Iceland,HIC,55274.1875,10.0,,,,38.0,9.0,,Yes,Yes,No,343400,7600.0,7000.0,225270.40625,55.81,special_waste_agricultural_waste_tons_year,tonnes/year,2013.0,"Iceland, Statistics Iceland. 2015. ""Statistical Yearbook of Iceland 2015"". [Landshagir 2015]. Statistics of Iceland III, 108 [Hagskýrslur Íslands III, 108]. Statistics Iceland [Hagstofa Íslands], Government of Iceland."
ISR,MEA,Israel,HIC,37687.74609375,34.0,3.0,3.0,16.0,24.0,18.0,,Yes,Yes,,8380100,120000.0,321000.0,5400000.0,25.0,special_waste_construction_and_demolition_waste_tons_year,tonnes/year,2015.0,"Israel, Ministry of Environmental Protection. 2015. ""Construction and Demolition Waste."" "
ITA,ECS,Italy,HIC,42419.72265625,34.4,7.6,4.3,15.4,22.8,11.6,Yes,Yes,Yes,No,60297396,2800026.0,8923548.0,30088400.0,25.9,special_waste_agricultural_waste_tons_year,tonnes/year,2014.0,"Eurostat. 2017a. ""Generation of waste by waste category, hazardousness and NACE Rev. 2 activity [env_wasgen]."""
JAM,LCN,Jamaica,UMC,9550.810546875,62.22,2.81,2.38,5.13,14.73,12.2,Yes,Yes,Yes,Yes,2881355,17000.0,10000.0,1051694.575,,waste_treatment_controlled_landfill_percent,tonnes/year,2016.0,"Jamaica NSWMA (National Solid Waste Management Authority). 2017. ""Tonnage Islandwide 2016."""
JOR,MEA,Jordan,UMC,10413.17578125,50.0,2.0,1.5,15.5,15.0,16.0,,No,Yes,Yes,8413464,43000.0,1230441.0,2529997.0,7.0,special_waste_agricultural_waste_tons_year,tonnes/year,2014.0,"GIZ and SWEEP-Net. 2014d. ""Country Report on the Solid Waste Management in Jordan."" German Corporation for International Cooperation [Deutsche Gesellschaft für Internationale Zusammenarbeit GmbH (GIZ)] and Regional Solid Waste Exchange of Information and Expertise Network in Mashreq and Maghreb Countries (SWEEP-Net), on behalf of the German Federal Ministry for Economic Cooperation and Development [Bundesministerium für wirtschaftliche Zusammenarbeit und Entwicklung (BMZ)]. April."
JPN,EAS,Japan,HIC,41309.95703125,36.0,5.0,4.0,6.0,33.0,11.0,Yes,No,Yes,Yes,126529104,518978.0,3600000.0,42720000.0,4.9,special_waste_agricultural_waste_tons_year,tonnes/year,2010.0,"Modak, Prasad, Agamuthu Pariatamby, Jeffrey Seadon, Perinaz Bhada-Tata, Guilberto Borongan, Nang Sian Thawn, Ma. Bernadeth Lim. 2017. ""Asia Waste Management Outlook"". Edited by P. Modak. United Nations Environment Programme (UNEP), Asian Institute of Technology (AIT), and International Solid Waste Association (ISWA)."
KAZ,ECS,Kazakhstan,UMC,22702.580078125,30.0,5.0,3.0,7.0,25.0,25.0,No,Yes,Yes,Yes,16791424,147000.0,,4659740.0,2.92,waste_collection_coverage_rural_percent_of_households,Percent of population,2010.0,"World Bank. n.d. ""Legal, Institutional, Financial Arrangement and Practices of Solid Waste Management Sector in Kazakhstan."" Washington, DC: World Bank."
KEN,SSF,Kenya,LMC,3329.8544921875,57.0,3.0,1.0,9.0,11.3,18.7,,,Yes,,41350152,17350.0,,5595099.0,8.0,waste_collection_coverage_total_percent_of_waste,Percent of population,1999.0,"UNSD (United Nations Statistics Division). 2016a. ""Environmental Indicators: Waste. Municipal Waste Collected."" United Nations Statistics Division (UNSD), United Nations. November. http://unstats.un.org/unsd/ENVIRONMENT/qindicators.htm."
KGZ,ECS,Kyrgyz Republic,LMC,4805.14111328125,,,,,,,No,Yes,Yes,Yes,5956900,7200.0,4771346.0,1113300.0,,special_waste_agricultural_waste_tons_year,tonnes/year,2010.0,"Anon. 2012. ""Waste production and disposal in the Kyrgyz Republic."" Waste Statistics Seminar. Geneva, April 11‐13."
KHM,EAS,Cambodia,LMC,3364.27880859375,66.6,2.6,2.0,10.4,4.0,8.6,No,Yes,Yes,Yes,15270790,14000.0,,1089000.0,,waste_collection_coverage_urban_percent_of_population,Percent of population,2009.0,"Sang-Arun, Janya and Chau Kim Heng. 2011. ""A Guide for Technology Selection and Implementation of Urban Organic Waste Utilization Projects in Cambodia."" IGES Policy Report 2011-06. Institute for Global Environmental Strategies, Japan. Accessed April 17, 2017. https://pub.iges.or.jp/pub/guide-technology-selection-and-implementation."
KIR,EAS,Kiribati,LMC,2249.7685546875,43.6,5.5,10.0,9.3,10.9,16.5,,Yes,Yes,No,114395,100.0,,35723.8275,,waste_collection_coverage_total_percent_of_waste,Percent of population,2016.0,"SPREP (Secretariat of the Pacific Regional Environment Programme). 2016. ""Cleaner Pacific 2025: Pacific Regional Waste and Pollution Management Strategy, 2016–2025."" Secretariat of the Pacific Regional Environment Programme, Apia, Samoa. https://sustainabledevelopment.un.org/content/documents/commitments/1326_7636_commitment_cleaner-pacific-strategy-2025.pdf."
KNA,LCN,St. Kitts and Nevis,HIC,25569.357421875,27.2,8.1,8.8,12.2,20.5,23.2,Yes,Yes,Yes,No,54288,700.0,,32892.14,,waste_treatment_controlled_landfill_percent,tonnes/year,2017.0,"SIDS DOCK (Small Island Developing States). 2015. ""Toward the Development of a Caribbean Regional Organic Waste Management Sub-Sector: Development of a Caribbean Regional Organic Waste Management Conversion Sub-Sector to Increase Costal Resilience and Climate Change Impacts and Protect Fresh Water Resources."" Draft 1.0. SIDS DOCK Secretariat and Caribbean Community Climate Change Centre. May 18. "
KOR,EAS,"Korea, Rep.",HIC,42105.28125,30.0,2.5,2.6,,41.0,24.3,Yes,Yes,Yes,Yes,51606632,570635.0,,20452776.0,58.0,waste_treatment_compost_percent,tonnes/year,2014.0,"OECD (Organisation for Economic Co-operation and Development). 2017. ""Municipal Waste (Indicator)."" OECD Data, Organisation for Economic Co-operation and Development (OECD). Accessed May 28, 2017. https://data.oecd.org/waste/municipal-waste.htm."
KWT,MEA,Kuwait,HIC,58810.30078125,45.0,4.0,2.0,8.0,20.0,20.0,No,Yes,Yes,,2998083,67000.0,203000.0,1750000.0,,special_waste_construction_and_demolition_waste_tons_year,tonnes/year,2008.0,"AFED (Arab Forum for Environment and Development). 2008. ""Arab Environment: Future Challenges. 2008 Report of the Arab Forum for Environment and Development."" Edited by Mostafa K. Tolba and Najib W. Saab."
LAO,EAS,Lao PDR,LMC,6543.6669921875,16.9,9.3,3.7,20.3,2.8,6.1,None,Yes,Yes,Yes,6663967,7500.0,5200.0,351900.0,10.0,waste_treatment_controlled_landfill_percent,tonnes/year,2015.0,"Keohanam, Bounthong. 2017. Director, Urban Development Division, Department of Housing and Urban Planning, Ministry of Public Works and Transport, Government of Laos. Personal communication with the World Bank. May 8."
LBN,MEA,Lebanon,UMC,16966.740234375,52.5,3.5,5.5,11.0,16.0,11.5,No,Yes,No,No,5603279,51000.0,46000.0,2040000.0,8.0,waste_treatment_compost_percent,tonnes/year,2014.0,"GIZ and SWEEP-Net. 2014e. ""Country Report on the Solid Waste Management in Lebanon."" German Corporation for International Cooperation [Deutsche Gesellschaft für Internationale Zusammenarbeit GmbH (GIZ)] and Regional Solid Waste Exchange of Information and Expertise Network in Mashreq and Maghreb Countries (SWEEP-Net), on behalf of the German Federal Ministry for Economic Cooperation and Development (BMZ). April."
LBR,SSF,Liberia,LIC,1333.4222412109375,,,,,,,,Yes,Yes,Yes,3512932,,,564466.7,,total_msw_total_msw_generated_tons_year,tonnes/year,2007.0,"UNEP (United Nations Environment Programme). 2007. ""Assessment of Solid Waste Management in Liberia."" Post-Conflict and Disaster Management Branch, United Nations Environment Programme (UNEP), in collaboration with the Environmental Protection Agency, Government of Liberia. /// UN DESA (United Nations, Department of Economic and Social Affairs). 2014c. ""World Urbanization Prospects: The 2014 Revision."" UN Doc. No. ST/ESA/SER.A/366. Department of Economic and Social Affairs, Population Division."
LBY,MEA,Libya,UMC,8479.9462890625,70.1,3.1,4.3,3.8,5.5,7.5,No,Yes,No,,6193501,70000.0,,2147596.47175,,special_waste_construction_and_demolition_waste_tons_year,tonnes/year,2010.0,"Ali, Ashraf, and Chukwunonye Ezeah. 2017. ""Framework for Management of Post-Conflict Waste in Libya."" European Scientific Journal February 2017 edition vol.13, No.5 ISSN: 1857 – 7881 (Print) e - ISSN 1857- 7431. doi: 10.19044/esj.2017.v13n5p32."
LCA,LCN,St. Lucia,UMC,14029.982421875,45.0,7.0,5.0,11.0,10.0,22.0,Yes,Yes,Yes,Yes,177206,1600.0,2732.0,77616.228,,waste_treatment_compost_percent,tonnes/year,2010.0,"St. Lucia Government Statistics Department. 2011. ""2010 Population and Housing Census, Preliminary Report."" April."
LIE,ECS,Liechtenstein,HIC,45726.98828125,37.6,5.0,12.5,9.1,30.3,5.4,,Yes,Yes,No,36545,293.0,1204.0,32382.0,64.6,special_waste_agricultural_waste_tons_year,tonnes/year,2014.0,"Eurostat. 2017a. ""Generation of waste by waste category, hazardousness and NACE Rev. 2 activity [env_wasgen]."""
LKA,SAS,Sri Lanka,LMC,12287.47265625,62.0,2.0,3.0,13.0,7.0,7.0,Yes,Yes,Yes,No,21203000,72.5,,2631650.0,12.79,waste_treatment_compost_percent,tonnes/year,2016.0,"Sri Lanka, Ministry of Mahaweli Development and Environment. 2016. ""Comprehensive Integrated Solid Waste Management Plan for Target Provinces in Sri Lanka."" Ministry of Mahaweli Development and Environment, Government of Sri Lanka. May."
LSO,SSF,Lesotho,LMC,1978.6083984375,,,,,,,,,,,1965662,1800.0,,73457.0,,waste_collection_coverage_rural_percent_of_households,Percent of households,2011.0,"Lesotho Bureau of Statistics. 2013. ""2012 Solid Waste, Water and Sanitation."" Statistical Report No. 19. Lesotho Bureau of Statistics, Maseru."
LTU,ECS,Lithuania,HIC,37278.3046875,40.4,8.65,2.75,44.05,10.05,10.15,No,Yes,Yes,Yes,2786844,82691.0,165477.0,1315390.375,22.92,special_waste_agricultural_waste_tons_year,tonnes/year,2014.0,"Eurostat. 2017a. ""Generation of waste by waste category, hazardousness and NACE Rev. 2 activity [env_wasgen]."""
LUX,ECS,Luxembourg,HIC,114323.40625,30.0,4.0,2.0,27.0,19.0,18.0,Yes,Yes,Yes,No,619896,7398.0,237180.0,490337.75,28.37,special_waste_agricultural_waste_tons_year,tonnes/year,2014.0,"Eurostat. 2017a. ""Generation of waste by waste category, hazardousness and NACE Rev. 2 activity [env_wasgen]."""
LVA,ECS,Latvia,HIC,30982.173828125,46.7,21.4,2.6,9.7,6.1,7.7,,Yes,Yes,Yes,1912789,25071.0,104142.0,839714.375,21.23,special_waste_agricultural_waste_tons_year,tonnes/year,2014.0,"Eurostat. 2017a. ""Generation of waste by waste category, hazardousness and NACE Rev. 2 activity [env_wasgen]."""
MAC,EAS,"Macao SAR, China",HIC,117335.5859375,3.1,3.3,1.7,3.1,58.7,7.9,Yes,Yes,Yes,Yes,612167,11000.0,3118.0,377942.0,20.0,special_waste_construction_and_demolition_waste_tons_year,tonnes/year,2016.0,Macao. 2014. Report on the State of the Environment of Macao 2014. http://www.dspa.gov.mo/StateReportHTML/2014/pdf/en/04.pdf 
MAF,LCN,St. Martin (French part),HIC,30385.89453125,,,,,,,,,Yes,Yes,30959,,,15479.5,,total_msw_total_msw_generated_tons_year,tonnes/year,2012.0,"Sterviinou, L. n.d. ""What to Do with Our Waste in Saint Martin?"" [""Quoi faire de nos déchets à Saint-Martin?""]. MAXImini.com."
MAR,MEA,Morocco,LMC,6915.10302734375,60.0,2.0,2.5,6.0,9.0,8.0,No,No,Yes,Yes,34318080,30300.0,289385.0,6852000.0,8.0,waste_treatment_compost_percent,tonnes/year,2014.0,"GIZ and SWEEP-Net. 2014f. ""Country Report on the Solid Waste Management in Morocco."" German Corporation for International Cooperation [Deutsche Gesellschaft für Internationale Zusammenarbeit GmbH (GIZ)] and Regional Solid Waste Exchange of Information and Expertise Network in Mashreq and Maghreb Countries (SWEEP-Net), on behalf of the German Federal Ministry for Economic Cooperation and Development (BMZ). April."
MCO,ECS,Monaco,HIC,43711.80078125,,3.0,2.2,,2.2,1.0,Yes,Yes,Yes,Yes,37783,,312.07,46000.0,5.4,waste_collection_coverage_total_percent_of_waste,Percent of population,2012.0,"UNSD (United Nations Statistics Division). 2016a. ""Environmental Indicators: Waste. Municipal Waste Collected."" United Nations Statistics Division (UNSD), United Nations. November. http://unstats.un.org/unsd/ENVIRONMENT/qindicators.htm."
MDA,ECS,Moldova,LMC,10360.830078125,55.0,4.0,3.0,23.0,5.0,10.0,No,Yes,Yes,Yes,3554108,6300.0,418.0,3981200.0,15.32,special_waste_construction_and_demolition_waste_tons_year,tonnes/year,2010.0,"Anon. 2013. ""STRATEGY WASTE MANAGEMENT IN THE REPUBLIC OF MOLDOVA FOR THE YEARS 2013-2027"" [""STRATEGIA DE GESTIONARE A DEŞEURILOR ÎN REPUBLICA MOLDOVA PENTRU ANII 2013-2027""]. Annex to the Government Decision no. 248 of 10 April 2013 [Anexă la Hotărîrea Guvernului nr. 248 din 10 aprilie 2013]."
MDG,SSF,Madagascar,LIC,1565.866943359375,,,,,,,,,Yes,Yes,24894552,14000.0,45957.0,3768759.16,,waste_treatment_compost_percent,tonnes/year,2007.0,"UNSD (United Nations Statistics Division). 2016b. ""Environmental Indicators: Waste. Municipal Waste Treated."" United Nations Statistics Division (UNSD), United Nations. November. http://unstats.un.org/unsd/ENVIRONMENT/qindicators.htm."
MDV,SAS,Maldives,UMC,17284.609375,24.0,,1.0,1.0,6.0,3.0,No,Yes,Yes,No,409163,3003.95,15105.525,211505.78,,waste_treatment_compost_percent,tonnes/year,2016.0,"Maldives, MEE (Ministry of Environment and Energy). 2017b. ""State of the Environment 2016,"" by M. Mohamed. Ministry of Environment and Energy (MEE), Government of Maldives. Malé. ISBN: 978-99915-59-35-3"
MEX,LCN,Mexico,UMC,19332.07421875,52.4,5.9,3.4,12.1,13.8,10.9,Yes,,Yes,Yes,125890952,957900.0,18172.49,53100000.0,5.0,special_waste_construction_and_demolition_waste_tons_year,tonnes/year,2011.0,"Mexican Chamber of the Construction Industry. n.d. ""Waste Management Plan for Construction and Demolition."" [Cámara Mexicana de la Industria de la Construcción. ""Plan de Manejo de Residuos de La Construcción y la Demolición""]."
MHL,EAS,Marshall Islands,UMC,3628.895263671875,8.0,2.0,6.0,31.0,11.0,13.0,,Yes,Yes,None,52793,,,8614.0,30.8,waste_treatment_compost_percent,tonnes/year,2007.0,"UNSD (United Nations Statistics Division). 2016b. ""Environmental Indicators: Waste. Municipal Waste Treated."" United Nations Statistics Division (UNSD), United Nations. November. http://unstats.un.org/unsd/ENVIRONMENT/qindicators.htm."
MKD,ECS,"Macedonia, FYR",UMC,16147.7294921875,29.3,4.1,2.5,19.8,12.8,13.900000000000002,Yes,Yes,Yes,Yes,2082958,1220.0,40797.0,626970.375,0.18,special_waste_agricultural_waste_tons_year,tonnes/year,2014.0,"Eurostat. 2017a. ""Generation of waste by waste category, hazardousness and NACE Rev. 2 activity [env_wasgen]."""
MLI,SSF,Mali,LIC,2007.8060302734373,17.5,1.0,3.5,72.5,3.5,2.0,,,,Yes,16006670,12000.0,,1937354.44,,special_waste_e_waste_tons_year,tonnes/year,2016.0,"Baldé, C.P., Forti V., Gray, V., Kuehr, R., Stegmann, P. 2017. ""The Global E-waste Monitor 2017- Quantities, Flows, and Resources."" United Nations University (UNU), International Telecommunication Union (ITU) and International Solid Waste Association (ISWA), Bonn/Geneva/Vienna. ISBN Printed Version: 978-92-808-9053-2. ISBN Electronic Version: 978-92-808-9054-9. ISSN 2522-7033."
MLT,MEA,Malta,HIC,43707.5390625,52.0,6.0,4.0,9.5,18.0,12.0,Yes,Yes,Yes,Yes,502653,7643.0,36523.0,348841.1875,6.69,special_waste_agricultural_waste_tons_year,tonnes/year,2014.0,"Eurostat. 2017a. ""Generation of waste by waste category, hazardousness and NACE Rev. 2 activity [env_wasgen]."""
MMR,EAS,Myanmar,LMC,1093.7880859375,,,,,,,,Yes,Yes,Yes,46095464,55000.0,,4677306.52914,,waste_collection_coverage_total_percent_of_waste,Percent of population,,"IGES (Institute for Global Environmental Strategies). n.d. ""Community-based 3 Rs Practices in Myanmar."" U. Mann and Ohnmar Myint."
MNE,ECS,Montenegro,UMC,20752.62109375,33.82,8.97,2.9,19.46,13.72,18.42,Yes,Yes,Yes,No,622227,6200.0,3819.21,329780.3125,5.42,special_waste_construction_and_demolition_waste_tons_year,tonnes/year,2015.0,"Montenegro, MRT (Ministry of Sustainable Development and Tourism). 2014. ""Waste Management Plan 2014 – 2020 of Montenegro."" Draft (working) Document. Version_v01. February 19."
MNG,EAS,Mongolia,LMC,10940.4150390625,22.7,,,50.1,12.7,14.5,,,Yes,Yes,3027398,14000.0,,2900000.0,,special_waste_construction_and_demolition_waste_tons_year,tonnes/year,2016.0,"Modak, Prasad, Agamuthu Pariatamby, Jeffrey Seadon, Perinaz Bhada-Tata, Guilberto Borongan, Nang Sian Thawn, Ma. Bernadeth Lim. 2017. ""Asia Waste Management Outlook"". Edited by P. Modak. United Nations Environment Programme (UNEP), Asian Institute of Technology (AIT), and International Solid Waste Association (ISWA)."
MNP,EAS,Northern Mariana Islands,HIC,60955.7265625,43.6,5.5,10.0,9.3,10.9,16.5,,Yes,Yes,,54036,,,32761.4145,36.0,composition_food_organic_waste_percent,%,2016.0,"SPREP (Secretariat of the Pacific Regional Environment Programme). 2016. Cleaner Pacific 2025: Pacific Regional Waste and Pollution Management Strategy, 2016–2025. Secretariat of the Pacific Regional Environment Programme. Apia, Samoa. https://sustainabledevelopment.un.org/content/documents/commitments/1326_7636_commitment_cleaner-pacific-strategy-2025.pdf."
MOZ,SSF,Mozambique,LIC,1217.0902099609375,60.0,,,15.0,25.0,,,Yes,Yes,,27212382,17000.0,,2500000.0,1.0,waste_collection_coverage_total_percent_of_waste,Percent of waste,2014.0,"Tas, Adriaan and Antoine Belon. 2014. ""A Comprehensive Review of the Municipal Solid Waste Sector in Mozambique: Background Documentation for the Formulation of Nationally Appropriate Mitigation Actions in the Waste Sector in Mozambique."" Carbon Africa Limited (Nairobi) and Associação Moçambicana de Reciclagem (Maputo), Maputo and Nairobi, June."
MRT,SSF,Mauritania,LMC,4783.6357421875,4.8,4.0,4.2,59.7,7.3,20.0,,,Yes,No,3506288,5100.0,,454000.0,8.0,waste_treatment_controlled_landfill_percent,tonnes/year,2009.0,"GIZ and SWEEP-Net. 2010a. ""Country Report on the Solid Waste Management in Mauritania."" Deutsche Gesellschaft für Internationale Zusammenarbeit GmbH (GIZ) and Regional Solid Waste Exchange of Information and Expertise Network in Mashreq and Maghreb Countries (SWEEP-Net), on behalf of the German Federal Ministry for Economic Cooperation and Development (BMZ). July."
MUS,SSF,Mauritius,UMC,20646.93359375,64.0,2.8,,8.0,13.0,12.4,,,Yes,Yes,1263473,11000.0,17000.0,438000.0,,waste_treatment_compost_percent,tonnes/year,2012.0,"UNSD (United Nations Statistics Division). 2016b. ""Environmental Indicators: Waste. Municipal Waste Treated."" United Nations Statistics Division (UNSD), United Nations. November. http://unstats.un.org/unsd/ENVIRONMENT/qindicators.htm."
MWI,SSF,Malawi,LIC,999.4413452148436,,,,,,,,,,,16577147,9500.0,,1297844.48,,special_waste_e_waste_tons_year,tonnes/year,2016.0,"Baldé, C.P., Forti V., Gray, V., Kuehr, R., Stegmann, P. 2017. ""The Global E-waste Monitor 2017- Quantities, Flows, and Resources."" United Nations University (UNU), International Telecommunication Union (ITU) and International Solid Waste Association (ISWA), Bonn/Geneva/Vienna. ISBN Printed Version: 978-92-808-9053-2. ISBN Electronic Version: 978-92-808-9054-9. ISSN 2522-7033."
MYS,EAS,Malaysia,UMC,23906.265625,46.0,3.0,3.0,9.0,14.0,15.0,No,Yes,Yes,Yes,30228016,280000.0,2918478.0,12982685.0,17.5,special_waste_agricultural_waste_tons_year,tonnes/year,1997.0,"Modak, Prasad, Agamuthu Pariatamby, Jeffrey Seadon, Perinaz Bhada-Tata, Guilberto Borongan, Nang Sian Thawn, Ma. Bernadeth Lim. 2017. ""Asia Waste Management Outlook"". Edited by P. Modak. United Nations Environment Programme (UNEP), Asian Institute of Technology (AIT), and International Solid Waste Association (ISWA)."
NAM,SSF,Namibia,UMC,6152.9873046875,,,,,,,,,,,1559983,14000.0,,256729.0,4.5,special_waste_e_waste_tons_year,tonnes/year,2016.0,"Baldé, C.P., Forti V., Gray, V., Kuehr, R., Stegmann, P. 2017. ""The Global E-waste Monitor 2017- Quantities, Flows, and Resources."" United Nations University (UNU), International Telecommunication Union (ITU) and International Solid Waste Association (ISWA), Bonn/Geneva/Vienna. ISBN Printed Version: 978-92-808-9053-2. ISBN Electronic Version: 978-92-808-9054-9. ISSN 2522-7033."
NCL,EAS,New Caledonia,HIC,57330.203125,43.6,5.5,10.0,9.3,10.9,16.5,,,Yes,,278000,,,108157.384,,waste_collection_coverage_total_percent_of_population,Percent of population,2014.0,"SPREP (Secretariat of the Pacific Regional Environment Programme). 2016. ""Cleaner Pacific 2025: Pacific Regional Waste and Pollution Management Strategy, 2016–2025."" Secretariat of the Pacific Regional Environment Programme, Apia, Samoa. https://sustainabledevelopment.un.org/content/documents/commitments/1326_7636_commitment_cleaner-pacific-strategy-2025.pdf."
NER,SSF,Niger,LIC,1038.22412109375,38.0,,1.0,57.0,2.0,2.0,,,Yes,Yes,8842415,7900.0,554000.0,1865645.67,4.0,special_waste_e_waste_tons_year,tonnes/year,2016.0,"Baldé, C.P., Forti V., Gray, V., Kuehr, R., Stegmann, P. 2017. ""The Global E-waste Monitor 2017- Quantities, Flows, and Resources."" United Nations University (UNU), International Telecommunication Union (ITU) and International Solid Waste Association (ISWA), Bonn/Geneva/Vienna. ISBN Printed Version: 978-92-808-9053-2. ISBN Electronic Version: 978-92-808-9054-9. ISSN 2522-7033."
NGA,SSF,Nigeria,LMC,4690.37939453125,,3.1,,11.3,8.0,4.8,,,Yes,Yes,154402176,277000.0,,27614830.07185,,special_waste_e_waste_tons_year,tonnes/year,2016.0,"Baldé, C.P., Forti V., Gray, V., Kuehr, R., Stegmann, P. 2017. ""The Global E-waste Monitor 2017- Quantities, Flows, and Resources."" United Nations University (UNU), International Telecommunication Union (ITU) and International Solid Waste Association (ISWA), Bonn/Geneva/Vienna. ISBN Printed Version: 978-92-808-9053-2. ISBN Electronic Version: 978-92-808-9054-9. ISSN 2522-7033."
NIC,LCN,Nicaragua,LMC,4611.84033203125,,,,,,,,,Yes,,5737723,10800.0,2837.0,1528816.29335,,waste_collection_coverage_total_percent_of_waste,Percent of population,2010.0,"IDB (Inter-American Development Bank). 2015. ""Situation of SOLID WASTE management in Latin America and the Caribbean"" [BID (Banco Interamericano de Desarrollo). 2015. ""Situación de la gestión de RESIDUOS SÓLIDOS en América Latina y el Caribe""]."
NLD,ECS,Netherlands,HIC,56849.375,35.0,5.4,4.3,20.24,21.0,14.0,Yes,Yes,Yes,No,17332850,534410.0,4830495.0,8805088.0,24.61,special_waste_agricultural_waste_tons_year,tonnes/year,2014.0,"Eurostat. 2017a. ""Generation of waste by waste category, hazardousness and NACE Rev. 2 activity [env_wasgen]."""
NOR,ECS,Norway,HIC,64962.26171875,15.49,4.6,6.12,13.15,26.57,2.25,Yes,Yes,Yes,Yes,5347896,150000.0,1482000.0,4149967.25,26.16,special_waste_agricultural_waste_tons_year,tonnes/year,2014.0,"Eurostat. 2017a. ""Generation of waste by waste category, hazardousness and NACE Rev. 2 activity [env_wasgen]."""
NPL,SAS,Nepal,LIC,2902.249267578125,52.39,4.36,1.9,7.12,18.21,15.14,,Yes,Yes,Yes,28982772,23000.0,5051.0,1768977.49,,waste_treatment_compost_percent,tonnes/year,2013.0,"ADB (Asian Development Bank). 2013b. ""Solid Waste Management in Nepal: Current Status and Policy Recommendations."" Mandaluyong City, Philippines: Asian Development Bank (ADB)."
NRU,EAS,Nauru,UMC,11167.3193359375,43.6,5.5,10.0,9.3,10.9,16.5,,Yes,Yes,No,13049,,,6191.7505,,waste_collection_coverage_total_percent_of_waste,Percent of population,2016.0,"SPREP (Secretariat of the Pacific Regional Environment Programme). 2016. ""Cleaner Pacific 2025: Pacific Regional Waste and Pollution Management Strategy, 2016–2025."" Secretariat of the Pacific Regional Environment Programme, Apia, Samoa. https://sustainabledevelopment.un.org/content/documents/commitments/1326_7636_commitment_cleaner-pacific-strategy-2025.pdf."
NZL,EAS,New Zealand,HIC,41857.4765625,28.0,4.0,4.5,37.0,7.0,8.0,Yes,Yes,Yes,Yes,4692700,95000.0,,3405000.0,,special_waste_agricultural_waste_tons_year,tonnes/year,2014.0,"New Zealand, MFE (Ministry for the Environment). 2014. ""New Zealand Non-Municipal Landfill Database."" Tonkin and Taylor Ltd. January. TandT Ref: 29310/ ver5."
OMN,MEA,Oman,HIC,30535.833984375,27.0,6.0,,24.0,15.0,21.0,No,Yes,Yes,Yes,3960925,59000.0,1469835.0,1734885.15,,special_waste_construction_and_demolition_waste_tons_year,tonnes/year,2009.0,"Be'ah (Oman Environmental Service Holding Company S.A.O.C). 2016. ""Transformation of Waste Management in Oman."" Paper presented by Mohammed al-Harthy at ISWA Energy Recovery WG Meeting, May 25, West Palm Beach, Florida."
PAK,SAS,Pakistan,LMC,4571.41455078125,30.0,6.0,4.0,20.0,13.0,9.0,No,Yes,No,Yes,193203472,301000.0,1538000.0,30760000.0,8.0,special_waste_agricultural_waste_tons_year,tonnes/year,2013.0,"Saeed, M. A., A. Irshad, H. Sattar, G.E. Andrews, H.N. Phylaktou, and B.M. Gibbs. 2015. ""Agricultural Waste Biomass Energy Potential in Pakistan."""
PAN,LCN,Panama,HIC,28436.359375,46.4,5.8,3.8,5.7,26.3,12.0,,,Yes,,3969249,3200.0,,1472262.2151499998,,waste_treatment_controlled_landfill_percent,tonnes/year,2010.0,"IDB-AIDIS-PAHO (Inter-American Development Bank, Inter-American Association of Sanitary and Environmental Engineering, and Pan American Health Organization). 2011. ""Report of the Regional Evalution of the Management of Municipal Solid Waste in Latin American and the Caribbean 2010"" [""Informe de la Evaluación Regional del Manejo de Residuos Sólidos Urbanos en América Latina y el Caribe 2010""]. Inter-American Development Bank (IDB), Inter-American Association of Sanitary and Environmental Engineering [Asociación Interamericana de Ingeniería Sanitaria y Ambiental (AIDIS)], and Pan American Health Organization (PAHO) [Organización Panamericana de la Salud (OPS)]."
PER,LCN,Peru,UMC,11877.083984375,50.43,3.05,2.64,21.7,7.44,10.52,Yes,Yes,Yes,Yes,30973354,182000.0,660180.17927,8356711.13,4.0,waste_treatment_controlled_landfill_percent,tonnes/year,2014.0,"Peru, Ministry of Environment. 2016. ""National Plan for Integrated Solid Waste Management, 2016–2024"" [""Plan Nacional de Gestión Integral de Residuos Sólidos, 2016–2024""]. Ministry of Environment [Ministerio del Ambiente], Government of Peru."
PHL,EAS,Philippines,LMC,7705.04541015625,52.31,2.34,4.22,21.52,8.7,10.55,Yes,Yes,Yes,Yes,103320224,290000.0,4332222.32,14631922.9,28.0,waste_collection_coverage_rural_percent_of_households,Percent of waste,2003.0,"CCAC (Climate and Clean Air Coalition). n.d.(b) ""Solid Waste Management City Profile: Cebu, Philippines."" Accessed April 20, 2017. http://www.waste.ccacoalition.org/sites/default/files/files/cebu_msw_factsheet.pdf"
PLW,EAS,Palau,HIC,18275.025390625,26.0,5.0,10.0,9.0,15.0,32.0,None,None,Yes,None,21503,200.0,,9426.7455,,waste_collection_coverage_total_percent_of_waste,Percent of population,2016.0,"SPREP (Secretariat of the Pacific Regional Environment Programme). 2016. ""Cleaner Pacific 2025: Pacific Regional Waste and Pollution Management Strategy, 2016–2025."" Secretariat of the Pacific Regional Environment Programme, Apia, Samoa. https://sustainabledevelopment.un.org/content/documents/commitments/1326_7636_commitment_cleaner-pacific-strategy-2025.pdf."
PNG,EAS,Papua New Guinea,LMC,3912.381103515625,31.0,,,42.0,16.6,10.0,None,Yes,Yes,Yes,7755785,7000.0,,1000000.0,2.0,waste_treatment_controlled_landfill_percent,tonnes/year,2016.0,"Papua New Guinea, NCDC (National Capital District Commission). 2016. ""NCD Waste Management Plan 2016-2025. For a sustainable Port Moresby."""
POL,ECS,Poland,HIC,33221.54296875,37.27,10.07,2.17,26.69,11.27,12.13,,Yes,Yes,Yes,37970872,224452.0,1679051.0,12758213.0,26.39,special_waste_agricultural_waste_tons_year,tonnes/year,2014.0,"Eurostat. 2017a. ""Generation of waste by waste category, hazardousness and NACE Rev. 2 activity [env_wasgen]."""
PRI,LCN,Puerto Rico,HIC,34311.03125,13.1,2.4,10.4,23.8,19.4,10.4,,Yes,Yes,Yes,3473181,946.44,4.92,4170953.0,14.0,special_waste_e_waste_tons_year,tonnes/year,2007.0,"Energy Answers. 2012. ""Materials Separation Plan."" Energy Answers Arecibo LLC., Energy Answers International Inc. April."
PRT,ECS,Portugal,HIC,34961.9453125,36.49,6.73,1.85,27.680000000000003,13.64,10.72,Yes,Yes,Yes,Yes,10269417,170078.0,701228.0,5268211.0,16.23,special_waste_agricultural_waste_tons_year,tonnes/year,2014.0,"Eurostat. 2017a. ""Generation of waste by waste category, hazardousness and NACE Rev. 2 activity [env_wasgen]."""
PRY,LCN,Paraguay,UMC,11810.427734375,,,,,,,,,Yes,,6639119,34200.0,,1818501.3648,,waste_treatment_controlled_landfill_percent,tonnes/year,2010.0,"IDB-AIDIS-PAHO (Inter-American Development Bank, Inter-American Association of Sanitary and Environmental Engineering, and Pan American Health Organization). 2011. ""Report of the Regional Evalution of the Management of Municipal Solid Waste in Latin American and the Caribbean 2010"" [""Informe de la Evaluación Regional del Manejo de Residuos Sólidos Urbanos en América Latina y el Caribe 2010""]. Inter-American Development Bank (IDB), Inter-American Association of Sanitary and Environmental Engineering [Asociación Interamericana de Ingeniería Sanitaria y Ambiental (AIDIS)], and Pan American Health Organization (PAHO) [Organización Panamericana de la Salud (OPS)]."
PSE,MEA,West Bank and Gaza,LMC,5985.68310546875,59.1,2.4,2.7,11.5,10.1,14.2,Yes,Yes,Yes,,4046901,,62621.0,1387000.0,0.5,special_waste_agricultural_waste_tons_year,tonnes/year,2014.0,"GIZ and SWEEP-Net. 2014g. ""Country Report on the Solid Waste Management in Occupied Palestinian Territories."" German Corporation for International Cooperation [Deutsche Gesellschaft für Internationale Zusammenarbeit GmbH (GIZ)] and Regional Solid Waste Exchange of Information and Expertise Network in Mashreq and Maghreb Countries (SWEEP-Net), on behalf of the German Federal Ministry for Economic Cooperation and Development (BMZ). April."
PYF,EAS,French Polynesia,HIC,60955.7265625,47.0,3.0,3.0,29.0,16.0,2.0,,Yes,No,No,273528,,,147000.0,39.0,waste_collection_coverage_total_percent_of_waste,Percent of population,2016.0,"SPREP (Secretariat of the Pacific Regional Environment Programme). 2016. ""Cleaner Pacific 2025: Pacific Regional Waste and Pollution Management Strategy, 2016–2025."" Secretariat of the Pacific Regional Environment Programme, Apia, Samoa. https://sustainabledevelopment.un.org/content/documents/commitments/1326_7636_commitment_cleaner-pacific-strategy-2025.pdf."
QAT,MEA,Qatar,HIC,96261.6640625,57.0,4.0,9.0,5.0,11.0,14.0,Yes,Yes,Yes,,2109568,29000.0,105000.0,1000990.016,3.0,special_waste_construction_and_demolition_waste_tons_year,tonnes/year,2014.0,"Qatar, MDPS (Ministry of Development Planning and Statistics). 2014. ""Environment Statistics Annual Report 2013."" Ministry of Development Planning and Statistics, Government of Qatar. August. http://www.mdps.gov.qa."
ROU,ECS,Romania,UMC,29983.556640625,56.26,4.89,2.5,10.68,11.34,12.33,Yes,Yes,Yes,Yes,19356544,132268.0,590300.0,5419832.5,5.67,special_waste_agricultural_waste_tons_year,tonnes/year,2014.0,"Eurostat. 2017a. ""Generation of waste by waste category, hazardousness and NACE Rev. 2 activity [env_wasgen]."""
RUS,ECS,Russian Federation,UMC,26012.849609375,28.41,16.82,1.83,19.03,19.7,14.21,Yes,Yes,Yes,Yes,143201680,1392000.0,110000000.0,60000000.0,4.5,special_waste_e_waste_tons_year,tonnes/year,2016.0,"Baldé, C.P., Forti V., Gray, V., Kuehr, R., Stegmann, P. 2017. ""The Global E-waste Monitor 2017- Quantities, Flows, and Resources."" United Nations University (UNU), International Telecommunication Union (ITU) and International Solid Waste Association (ISWA), Bonn/Geneva/Vienna. ISBN Printed Version: 978-92-808-9053-2. ISBN Electronic Version: 978-92-808-9054-9. ISSN 2522-7033."
RWA,SSF,Rwanda,LIC,1950.528076171875,,,,,,,,,,,11917508,5900.0,,4384969.0,,special_waste_e_waste_tons_year,tonnes/year,2016.0,"Baldé, C.P., Forti V., Gray, V., Kuehr, R., Stegmann, P. 2017. ""The Global E-waste Monitor 2017- Quantities, Flows, and Resources."" United Nations University (UNU), International Telecommunication Union (ITU) and International Solid Waste Association (ISWA), Bonn/Geneva/Vienna. ISBN Printed Version: 978-92-808-9053-2. ISBN Electronic Version: 978-92-808-9054-9. ISSN 2522-7033."
SAU,MEA,Saudi Arabia,HIC,48921.23046875,45.5,4.0,5.0,2.5,27.0,11.0,Yes,Yes,yes,,31557144,508000.0,697000.0,16125700.584,15.0,waste_treatment_controlled_landfill_percent,tonnes/year,2015.0,"Saudi Arabia. n.d. ""National Transformation Program 2020."" Program by Vision 2030. http://vision2030.gov.sa/sites/default/files/NTP_En.pdf."
SDN,SSF,Sudan,LMC,4191.8232421875,51.4,3.5,1.7,18.9,11.8,12.7,,,,,38647804,51000.0,,2831291.0,,special_waste_e_waste_tons_year,tonnes/year,2016.0,"Baldé, C.P., Forti V., Gray, V., Kuehr, R., Stegmann, P. 2017. ""The Global E-waste Monitor 2017- Quantities, Flows, and Resources."" United Nations University (UNU), International Telecommunication Union (ITU) and International Solid Waste Association (ISWA), Bonn/Geneva/Vienna. ISBN Printed Version: 978-92-808-9053-2. ISBN Electronic Version: 978-92-808-9054-9. ISSN 2522-7033."
SEN,SSF,Senegal,LIC,3067.66259765625,12.0,2.0,2.0,68.0,5.0,9.0,No,No,Yes,Yes,15411614,15000.0,,2454059.25,,waste_treatment_controlled_landfill_percent,tonnes/year,2014.0,"ANSD (National Agency of Statistics and Demography). 2014. ""General Census of Population and Housing, Agriculture and Livestock. Final Report."" [Agence Nationale de la Statistique et de la Démographie. 2014. ""Recensement Général de la Population et de l’Habitat,de l’Agriculture et de l’Elevage. RAPPORT DEFINITIF""]."
SGP,EAS,Singapore,HIC,97341.46875,10.51,0.93,19.12,32.3,14.86,10.58,Yes,Yes,Yes,Yes,5703600,100000.0,446870.0,1870000.0,61.0,special_waste_construction_and_demolition_waste_tons_year,tonnes/year,2017.0,"Singapore, NEA (National Environment Agency). 2017. ""Waste Statistics and Overall Recycling."" National Environment Agency (NEA), Government of Singapore. http://www.nea.gov.sg/energy-waste/waste-management/waste-statistics-and-overall-recycling."
SLB,EAS,Solomon Islands,LMC,2596.452880859375,42.8,6.65,13.15,3.7,6.45,22.35,No,Yes,Yes,No,563513,400.0,,179971.964375,,waste_collection_coverage_total_percent_of_waste,Percent of population,2016.0,"SPREP (Secretariat of the Pacific Regional Environment Programme). 2016. ""Cleaner Pacific 2025: Pacific Regional Waste and Pollution Management Strategy, 2016–2025."" Secretariat of the Pacific Regional Environment Programme, Apia, Samoa. https://sustainabledevelopment.un.org/content/documents/commitments/1326_7636_commitment_cleaner-pacific-strategy-2025.pdf."
SLE,SSF,Sierra Leone,LIC,1237.6302490234375,,,,,,,,,,,5439695,3400.0,,610222.09,,special_waste_e_waste_tons_year,tonnes/year,2016.0,"Baldé, C.P., Forti V., Gray, V., Kuehr, R., Stegmann, P. 2017. ""The Global E-waste Monitor 2017- Quantities, Flows, and Resources."" United Nations University (UNU), International Telecommunication Union (ITU) and International Solid Waste Association (ISWA), Bonn/Geneva/Vienna. ISBN Printed Version: 978-92-808-9053-2. ISBN Electronic Version: 978-92-808-9054-9. ISSN 2522-7033."
SLV,LCN,El Salvador,LMC,7328.71337890625,65.0,4.0,2.0,7.0,12.0,10.0,,Yes,Yes,Yes,6164626,30100.0,16465.0,1648996.18,,waste_collection_coverage_total_percent_of_waste,Percent of population,2010.0,"IDB (Inter-American Development Bank). 2015. ""Situation of SOLID WASTE management in Latin America and the Caribbean"" [BID (Banco Interamericano de Desarrollo). 2015. ""Situación de la gestión de RESIDUOS SÓLIDOS en América Latina y el Caribe""]."
SMR,ECS,San Marino,HIC,58806.19921875,5.35,5.61,0.9,65.56,13.21,5.6,,,,,33203,,,17174.68,45.05,composition_food_organic_waste_percent,%,2016.0,"San Marino, AASS (Autonomous State Company for Public Services). 2016. ""Collection Data"" [""Dati di raccolta""]. Autonomous State Company for Public Services [Azienda Autonoma di Stato per i Servizi Pubblici (AASS)], Government of San Marino. http://www.aass.sm/site/home/ambiente/dati-di-raccolta/2016.html."
SOM,SSF,Somalia,LIC,1862.6141357421875,,,,,,,,,,,14317996,,,2326099.17,,total_msw_total_msw_generated_tons_year,tonnes/year,2016.0,
SRB,ECS,Serbia,UMC,18351.2734375,37.62,5.44,1.38,16.72,13.57,12.73,Yes,Yes,Yes,Yes,6944975,14388.0,13475026.0,2347401.5,0.76,special_waste_agricultural_waste_tons_year,tonnes/year,2014.0,"Eurostat. 2017a. ""Generation of waste by waste category, hazardousness and NACE Rev. 2 activity [env_wasgen]."""
SSD,SSF,South Sudan,LIC,1795.991943359375,,,,,,,,,,,11177490,,,2680681.0,,total_msw_total_msw_generated_tons_year,tonnes/year,2013.0,"UNEP (United Nations Environment Programme). 2013. ""Municipal Solid Waste Composition Analysis Study: Juba, South Sudan,"" by Michael J. Cowing. United Nations Environment Programme (UNEP). April."
STP,SSF,São Tomé and Príncipe,LMC,3720.786865234375,,,,,,,,,,,191266,200.0,,25586.5,,waste_collection_coverage_total_percent_of_waste,Percent of population,2010.0,"São Tomé and Príncipe. 2010. ""National Plan for the Integrated Management of Urban Solid Waste."""
SUR,LCN,Suriname,UMC,16953.802734375,57.0,3.0,3.0,24.0,,11.0,No,No,No,No,526103,5000.0,,78619.79914999999,,waste_collection_coverage_rural_percent_of_households,Percent of population,2009.0,"IDB (Inter American Development Bank). 2009. ""2010 Vision and Solid Waste: Strategic Solid Waste Management Plan for Suriname 2010–2020"". Washington, DC."
SVK,ECS,Slovak Republic,HIC,31965.76171875,42.0,19.0,2.0,1.0,25.0,11.0,Yes,Yes,Yes,Yes,5454073,30911.0,375688.0,2296164.75,7.62,special_waste_agricultural_waste_tons_year,tonnes/year,2014.0,"Eurostat. 2017a. ""Generation of waste by waste category, hazardousness and NACE Rev. 2 activity [env_wasgen]."""
SVN,ECS,Slovenia,HIC,39037.93359375,,,,,,,,Yes,Yes,,2087946,26359.0,155229.0,1052324.75,46.44,special_waste_agricultural_waste_tons_year,tonnes/year,2014.0,"Eurostat. 2017a. ""Generation of waste by waste category, hazardousness and NACE Rev. 2 activity [env_wasgen]."""
SWE,ECS,Sweden,HIC,52608.7109375,23.34,9.15,9.2,,36.4,6.58,Yes,Yes,Yes,,10285453,721671.0,2568154.0,4618168.5,32.37,special_waste_agricultural_waste_tons_year,tonnes/year,2014.0,"Eurostat. 2017a. ""Generation of waste by waste category, hazardousness and NACE Rev. 2 activity [env_wasgen]."""
SWZ,SSF,Eswatini,LMC,8321.1064453125,,,,,,,,,,,1343098,5700.0,,218199.47,,special_waste_e_waste_tons_year,tonnes/year,2016.0,"Baldé, C.P., Forti V., Gray, V., Kuehr, R., Stegmann, P. 2017. ""The Global E-waste Monitor 2017- Quantities, Flows, and Resources."" United Nations University (UNU), International Telecommunication Union (ITU) and International Solid Waste Association (ISWA), Bonn/Geneva/Vienna. ISBN Printed Version: 978-92-808-9053-2. ISBN Electronic Version: 978-92-808-9054-9. ISSN 2522-7033."
SXM,LCN,Sint Maarten (Dutch part),HIC,,46.0,7.0,7.0,12.0,15.0,13.0,,Yes,Yes,,37685,,,,,composition_food_organic_waste_percent,%,2015.0,"Mohee, R., S. Mauthoor, Z. M. A. Bundhoo, G. Somaroo, N. Soobhany, and S. Gunasee. 2015. ""Current Status of Solid Waste Management in Small Island Developing States: A Review"" [Supplementary Material]. Waste Management 43: 539–549."
SYC,SSF,Seychelles,HIC,23302.953125,48.5,5.2,4.6,25.800000000000004,5.9,9.9,,Yes,Yes,Yes,88303,1100.0,,48000.0,,special_waste_e_waste_tons_year,tonnes/year,2016.0,"Baldé, C.P., Forti V., Gray, V., Kuehr, R., Stegmann, P. 2017. ""The Global E-waste Monitor 2017- Quantities, Flows, and Resources."" United Nations University (UNU), International Telecommunication Union (ITU) and International Solid Waste Association (ISWA), Bonn/Geneva/Vienna. ISBN Printed Version: 978-92-808-9053-2. ISBN Electronic Version: 978-92-808-9054-9. ISSN 2522-7033."
SYR,MEA,Syrian Arab Republic,LIC,8587.05078125,57.0,3.0,4.0,22.0,7.0,7.0,,Yes,Yes,,20824892,,68000.0,4500000.0,2.5,waste_treatment_compost_percent,tonnes/year,2010.0,"GIZ and SWEEP-Net. 2010b. ""Country Report on the Solid Waste Management in Syria."" Deutsche Gesellschaft für Internationale Zusammenarbeit GmbH (GIZ) and Regional Solid Waste Exchange of Information and Expertise Network in Mashreq and Maghreb Countries (SWEEP-Net), on behalf of the German Federal Ministry for Economic Cooperation and Development (BMZ). July."
TCA,LCN,Turks and Caicos Islands,HIC,28174.482421875,21.8,20.5,7.6,2.4,31.5,16.3,,,Yes,Yes,34900,,,,,composition_food_organic_waste_percent,%,2004.0,"UNSD (United Nations Statistics Division). 2016c. ""Environmental Indicators and Selected Time Series: Composition of Municipal Waste (Latest Year)."" United Nations Statistics Division (UNSD), United Nations. September. http://unstats.un.org/unsd/ENVIRONMENT/qindicators.htm."
TCD,SSF,Chad,LIC,1732.6912841796875,70.0,1.0,2.0,18.0,3.0,6.0,,,,,11887202,8800.0,,1358850.53,,special_waste_e_waste_tons_year,tonnes/year,2016.0,"Baldé, C.P., Forti V., Gray, V., Kuehr, R., Stegmann, P. 2017. ""The Global E-waste Monitor 2017- Quantities, Flows, and Resources."" United Nations University (UNU), International Telecommunication Union (ITU) and International Solid Waste Association (ISWA), Bonn/Geneva/Vienna. ISBN Printed Version: 978-92-808-9053-2. ISBN Electronic Version: 978-92-808-9054-9. ISSN 2522-7033."
TGO,SSF,Togo,LIC,1404.1329345703125,38.0,2.0,4.0,42.0,4.0,10.0,,Yes,Yes,No,7228915,6400.0,1900.0,1109030.45,2.0,waste_treatment_compost_percent,tonnes/year,2012.0,"UNSD (United Nations Statistics Division). 2016b. ""Environmental Indicators: Waste. Municipal Waste Treated."" United Nations Statistics Division (UNSD), United Nations. November. http://unstats.un.org/unsd/ENVIRONMENT/qindicators.htm."
THA,EAS,Thailand,UMC,16301.5380859375,65.52,3.04,1.85,4.74,7.6,17.59,,Yes,Yes,Yes,68657600,384233.0,3445000.0,26853366.0,19.1,special_waste_agricultural_waste_tons_year,tonnes/year,2004.0,"Modak, Prasad, Agamuthu Pariatamby, Jeffrey Seadon, Perinaz Bhada-Tata, Guilberto Borongan, Nang Sian Thawn, Ma. Bernadeth Lim. 2017. ""Asia Waste Management Outlook"". Edited by P. Modak. United Nations Environment Programme (UNEP), Asian Institute of Technology (AIT), and International Solid Waste Association (ISWA)."
TJK,ECS,Tajikistan,LIC,2616.4755859375,,,,,,,No,Yes,Yes,Yes,8177809,,,1787400.0,,waste_collection_coverage_total_percent_of_waste,Percent of population,2016.0,"UNECE (United Nations Economic Comission for Europe). 2017. ""Environmental Performance Reviews Series No. 46- Tajikistan."""
TKM,ECS,Turkmenistan,UMC,11471.1865234375,16.18,4.64,11.44,62.540000000000006,,2.19,No,Yes,Yes,Yes,5366277,22000.0,1000.0,500000.0,,special_waste_e_waste_tons_year,tonnes/year,2015.0,"STEP (Solving the E-waste Problem). 2018. ""Overview of e-waste related information- Turkmenistan."" United Nations University. http://www.step-initiative.org/Overview_Turkmenistan.html."
TLS,EAS,Timor-Leste,LMC,3344.57373046875,43.6,5.5,10.0,9.3,10.9,16.5,,Yes,Yes,Yes,1268671,3600.0,,63875.0,,special_waste_e_waste_tons_year,tonnes/year,2016.0,"Baldé, C.P., Forti V., Gray, V., Kuehr, R., Stegmann, P. 2017. ""The Global E-waste Monitor 2017- Quantities, Flows, and Resources."" United Nations University (UNU), International Telecommunication Union (ITU) and International Solid Waste Association (ISWA), Bonn/Geneva/Vienna. ISBN Printed Version: 978-92-808-9053-2. ISBN Electronic Version: 978-92-808-9054-9. ISSN 2522-7033."
TON,EAS,Tonga,UMC,5636.41845703125,51.3,5.9,9.0,8.9,7.4,13.4,,Yes,Yes,Yes,104951,300.0,,17238.20175,,waste_collection_coverage_rural_percent_of_households,Percent of waste,2012.0,"ADB (Asian Development Bank). 2014g. ""Solid Waste Management in the Pacific: Tonga Country Snapshot."" Asian Development Bank. ADB Publication Stock No. ARM146616-2. Accessed May 24, 2017 .https://www.adb.org/sites/default/files/publication/42660/solid-waste-management-tonga.pdf"
TTO,LCN,Trinidad and Tobago,HIC,28910.908203125,27.15,10.15,3.74,17.19,22.6,19.17,Yes,Yes,Yes,Yes,1328100,71.07,123914.1,727874.0,,waste_treatment_compost_percent,tonnes/year,2011.0,"Trinidad and Tobago, EMA (Environmental Management Authority). n.d. ""State of the Environment Report, 2011."" Environmental Management Authority (EMA), Government of Trinidad and Tobago."
TUN,MEA,Tunisia,LMC,10505.2626953125,68.0,2.0,4.0,5.0,10.0,11.0,Yes,Yes,Yes,Yes,11143908,90000.0,150000.0,2700000.0,4.0,special_waste_agricultural_waste_tons_year,tonnes/year,2014.0,"GIZ and SWEEP-Net. 2014h. ""Country Report on the Solid Waste Management in Tunisia."" German Corporation for International Cooperation [Deutsche Gesellschaft für Internationale Zusammenarbeit GmbH (GIZ)] and Regional Solid Waste Exchange of Information and Expertise Network in Mashreq and Maghreb Countries (SWEEP-Net), on behalf of the German Federal Ministry for Economic Cooperation and Development (BMZ). April."
TUR,ECS,Turkey,UMC,28289.087890625,64.0,2.0,1.0,24.0,6.0,3.0,,Yes,Yes,Yes,83429616,623000.0,3432426.0,35374156.0,,waste_treatment_compost_percent,tonnes/year,2015.0,"OECD (Organisation for Economic Co-operation and Development). 2017. ""Municipal Waste (Indicator)."" OECD Data, Organisation for Economic Co-operation and Development (OECD). Accessed October 24, 2017. https://data.oecd.org/waste/municipal-waste.htm."
TUV,EAS,Tuvalu,UMC,3793.127685546875,43.6,5.5,10.0,9.3,10.9,16.5,None,Yes,Yes,None,11097,10.0,,3989.4865,15.0,waste_collection_coverage_total_percent_of_waste,Percent of population,2012.0,"SPREP (Secretariat of the Pacific Regional Environment Programme). 2016. ""Cleaner Pacific 2025: Pacific Regional Waste and Pollution Management Strategy, 2016–2025."" Secretariat of the Pacific Regional Environment Programme, Apia, Samoa. https://sustainabledevelopment.un.org/content/documents/commitments/1326_7636_commitment_cleaner-pacific-strategy-2025.pdf."
TWN,EAS,,HIC,57362.92578125,23.34,4.11,3.07,14.11,30.01,20.23,,,Yes,Yes,23434000,14036.0,,7336000.0,,special_waste_e_waste_tons_year,tonnes/year,2003.0,"Song, Qingbin, Jinhui Li, and Xianlai Zeng. 2014. ""Minimizing the increasing solid waste through zero waste strategy."" Journal of Cleaner Production 104 (2015) 199-210."
TZA,SSF,Tanzania,LIC,2128.553955078125,,,,,,,,,Yes,,49082996,38000.0,,9276995.0,,special_waste_e_waste_tons_year,tonnes/year,2016.0,"Baldé, C.P., Forti V., Gray, V., Kuehr, R., Stegmann, P. 2017. ""The Global E-waste Monitor 2017- Quantities, Flows, and Resources."" United Nations University (UNU), International Telecommunication Union (ITU) and International Solid Waste Association (ISWA), Bonn/Geneva/Vienna. ISBN Printed Version: 978-92-808-9053-2. ISBN Electronic Version: 978-92-808-9054-9. ISSN 2522-7033."
UGA,SSF,Uganda,LIC,1972.3017578125,74.5,0.8,0.6,10.6,6.0,7.6,,,,,35093648,25000.0,,7045049.836,6.0,waste_collection_coverage_total_percent_of_waste,Percent of waste,2011.0,"Okot-Okumu, James and Richard Nyenje. 2011. Municipal Solid Waste Management under Decentralisation in Uganda. Habitat International. 35 (2011) 537-543."
UKR,ECS,Ukraine,LMC,11534.6376953125,37.0,5.0,4.0,22.0,25.0,7.0,Yes,Yes,Yes,Yes,45004644,277000.0,448000000.0,15242025.0,3.2,special_waste_agricultural_waste_tons_year,tonnes/year,2015.0,"GIZ (Deutsche Gesellschaft für Internationale Zusammenarbeit GmbH). 2016. ""National Waste Management Strategy for Ukraine- Preliminary Draft National Waste Management Strategy."" GIZ [Deutsche Gesellschaft für Internationale Zusammenarbeit]. Programme to Support the Green Modernisation of the Ukrainian Economy. Kiev, December."
URY,LCN,Uruguay,HIC,20588.392578125,53.5,3.0,5.0,7.5,20.0,11.0,No,Yes,Yes,Yes,3431552,37000.0,,1260139.5086500002,8.0,waste_treatment_controlled_landfill_percent,tonnes/year,2013.0,"CSI Ingenieros. 2011. ""Background Information for the Design of a Solid Waste Strategic Plan"" [""Informacion de Base para el Diseno de Un Plan Estrategico de Residuos Solidos""]. CSI Ingenieros. Pittamiglio Studio [Estudio Pittamiglio]. August. /// Anon. n.d.(d) ""Sanitary Filling of Roses"" [""RELLENO SANITARIO DE LAS ROSAS""]. Maldonado"
USA,NAC,United States,HIC,61498.37109375,14.9,4.4,9.0,3.2,26.6,12.9,Yes,Yes,Yes,Yes,326687488,2440000.0,28800000.0,265224528.0,34.6,special_waste_construction_and_demolition_waste_tons_year,tonnes/year,2014.0,"US EPA (Environmental Protection Agency). 2014. ""Advancing Sustainable Materials Management: 2014 Fact Sheet: Assessing Trends in Material Generation, Recycling, Composting, Combustion with Energy Recovery and Landfilling in the United States."" Office of Land and Emergency Management (OLEM), Environmental Protection Agency (EPA), Government of the United States of America."
UZB,ECS,Uzbekistan,LMC,5164.2744140625,40.0,3.0,2.0,17.5,17.5,2.5,No,Yes,Yes,Yes,29774500,,,4000000.0,,composition_food_organic_waste_percent,%,2006.0,"OSCE (Organization for Security and Co-operation in Europe). 2006. ""Environmental Safety and Civil Initiative, No. 8"" [""Экологическая безопасность и гражданская инициатива, № 8""]. Organization for Security and Co-operation in Europe (OSCE). Accessed April 19, 2017. https://www.osce.org/ru/uzbekistan/71088."
VCT,LCN,St. Vincent and the Grenadines,UMC,11971.9931640625,49.6,5.6,3.8,10.5,22.1,8.4,Yes,Yes,Yes,No,109455,900.0,,31561.34925,,waste_treatment_compost_percent,tonnes/year,2012.0,"St. Vincent and the Grenadines, Statistical Office. 2012. ""2012 Compendium of Environmental Statistics."" Central Planning Division. Ministry of Economic Planning, Sustainabe Development, Industry, Information and Labour. Kingstown. http://www.cwsasvg.com/contactus.html"
VEN,LCN,"Venezuela, RB",UMC,14269.673828125,,,,,,,,No,Yes,,29893080,232700.0,123157.0,9779093.14,,waste_collection_coverage_total_percent_of_waste,Percent of population,2010.0,"IDB (Inter-American Development Bank). 2015. ""Situation of SOLID WASTE management in Latin America and the Caribbean"" [BID (Banco Interamericano de Desarrollo). 2015. ""Situación de la gestión de RESIDUOS SÓLIDOS en América Latina y el Caribe""]."
VGB,LCN,British Virgin Islands,HIC,24215.8828125,6.5,18.1,8.6,4.8,33.5,6.3,Yes,Yes,Yes,Yes,20645,,,21099.19,,waste_collection_coverage_total_percent_of_waste,Percent of population,2001.0,"UNSD (United Nations Statistics Division). 2016a. ""Environmental Indicators: Waste. Municipal Waste Collected."" United Nations Statistics Division (UNSD), United Nations. November. http://unstats.un.org/unsd/ENVIRONMENT/qindicators.htm."
VIR,LCN,Virgin Islands (U.S.),HIC,30436.564453125,46.0,7.0,7.0,12.0,15.0,13.0,,Yes,Yes,Yes,105784,,,146500.0,,composition_food_organic_waste_percent,%,2015.0,"Mohee, R., S. Mauthoor, Z. M. A. Bundhoo, G. Somaroo, N. Soobhany, and S. Gunasee. 2015. ""Current Status of Solid Waste Management in Small Island Developing States: A Review"" [Supplementary Material]. Waste Management 43: 539–549."
VNM,EAS,Vietnam,LMC,5089.4111328125,61.9,2.18,0.58,15.18,5.2,12.15,No,Yes,Yes,Yes,86932496,141000.0,2995153.5,9570300.0,23.0,waste_treatment_compost_percent,tonnes/year,2013.0,"Vietnam WENID (Waste Management and Environment Improvement Department). 2013. ""Country Analysis Paper."" Paper presented at the Fourth Regional 3R Forum in Asia, “3Rs in the Context of Rio+20 Outcomes: The Future We Want,” Hanoi, March 18–20."
VUT,EAS,Vanuatu,LMC,3061.787353515625,73.4,5.4,3.8,5.7,4.05,6.45,,Yes,Yes,Yes,270402,300.0,,70225.489,37.0,waste_collection_coverage_total_percent_of_waste,Percent of population,2011.0,"SPREP (Secretariat of the Pacific Regional Environment Programme). 2016. ""Cleaner Pacific 2025: Pacific Regional Waste and Pollution Management Strategy, 2016–2025."" Secretariat of the Pacific Regional Environment Programme, Apia, Samoa. https://sustainabledevelopment.un.org/content/documents/commitments/1326_7636_commitment_cleaner-pacific-strategy-2025.pdf."
WSM,EAS,Samoa,UMC,6210.9833984375,42.6,2.2,8.8,19.4,7.2,13.0,,Yes,Yes,Yes,187665,500.0,,27399.09,36.0,waste_treatment_controlled_landfill_percent,tonnes/year,2013.0,"SPREP (Secretariat of the Pacific Regional Environment Programme). 2016. ""Cleaner Pacific 2025: Pacific Regional Waste and Pollution Management Strategy, 2016–2025."" Secretariat of the Pacific Regional Environment Programme, Apia, Samoa. https://sustainabledevelopment.un.org/content/documents/commitments/1326_7636_commitment_cleaner-pacific-strategy-2025.pdf."
XKX,ECS,Kosovo,LMC,9723.5615234375,42.0,6.0,6.0,20.0,8.0,11.0,Yes,Yes,Yes,Yes,1801800,23.0,495.0,319000.0,,special_waste_agricultural_waste_tons_year,tonnes/year,2015.0,"Eurostat. 2017a. ""Generation of waste by waste category, hazardousness and NACE Rev. 2 activity [env_wasgen]."""
YEM,MEA,"Yemen, Rep.",LIC,8269.671875,65.0,1.0,6.0,6.0,7.0,10.0,No,Yes,Yes,No,27584212,42000.0,21000.0,4836820.0,8.0,waste_treatment_controlled_landfill_percent,tonnes/year,2016.0,"Al-Eryani, Muammer. 2017. Director of Solid Waste Management, Ministry of Local Administration (MoLA), Government of Yemen. Personal communication with the World Bank."
ZAF,SSF,South Africa,UMC,12666.607421875,16.381654627302726,5.200216370472019,16.9104608968452,45.02064556592234,9.396918237794267,7.090104301663434,Yes,Yes,Yes,,51729344,321000.0,1319096.0,18457232.0,28.0,waste_treatment_controlled_landfill_percent,tonnes/year,2011.0,"South Africa, Department of Environmental Affairs. 2012. ""National Waste Information Baseline Report: Draft."" Department of Environmental Affairs, Government of South Africa, Pretoria, November 14."
ZMB,SSF,Zambia,LMC,3201.289306640625,,,,,,,,,Yes,,14264756,15000.0,80000.0,2608268.0,,waste_collection_coverage_total_percent_of_waste,Percent of households,2004.0,"Environmental Council of Zambia. 2004. ""National Solid Waste Management Strategy for Zambia."" September."
ZWE,SSF,Zimbabwe,LIC,3190.506591796875,36.0,5.0,6.0,3.0,27.0,23.0,,,Yes,,12500525,13000.0,37346.0,1449752.0,16.0,waste_collection_coverage_total_percent_of_waste,Percent of households,2013.0,"Muchandiona, Aleck. 2013. ""Challenges and Opportunities in Solid Waste Management in Zimbabwe's Urban Councils."" University of Zimbabwe, Faculty of Engineering, Department of Civil Engineering. Harare, September."
