iso3c;region_id;country_name;income_id;city_name;composition_food_organic_waste_percent;composition_glass_percent;composition_metal_percent;composition_other_percent;composition_paper_cardboard_percent;composition_plastic_percent;composition_rubber_leather_percent;composition_wood_percent;composition_yard_garden_green_waste_percent;institutional_framework_department_dedicated_to_solid_waste_management_na;institutional_framework_environmental_assessment_for_solid_waste_management_in_the_past_5_years_na;institutional_framework_information_system_for_solid_waste_management_na;institutional_framework_performed_a_social_assessment_for_solid_waste_management_in_the_past_5_years_na;institutional_framework_unit_enforcing_solid_waste_issues_in_the_city_such_as_illegal_dumping_or_littering_na;legal_framework_long_term_integrated_solid_waste_master_plan_na;legal_framework_master_plan_is_being_implemented_na;legal_framework_solid_waste_management_rules_and_regulations_na;n_waste_pickers_number_of_waste_pickers_number_of_people;percent_informal_sector_percent_collected_by_informal_sector_percent;population_population_number_of_people;primary_collection_mode_form_of_primary_collection_na;separation_breakdonw_cans_and_metals_na;separation_breakdonw_glass_na;separation_breakdonw_organics_na;separation_breakdonw_other_na;separation_breakdonw_paper_cardboard_na;separation_breakdonw_plastics_and_packaging_na;separation_existence_of_source_separation_na;subisidies_other_subsidies_or_transfers_na;subisidies_subsidies_or_transfers_from_a_central_government_authority_na;total_msw_total_msw_generated_tons_year;transportation_distance_from_city_center_to_main_landfill_or_dumpsite_km;transportation_transfer_station_or_colletion_point_aggregation_na;transportation_transfer_stations_operational_number;transportation_transfer_stations_operational_na;transportation_trips_per_year_na;transportation_trips_per_year_trips_year;waste_treatment_advanced_thermal_treatment_percent;waste_treatment_anaerobic_digestion_percent;waste_treatment_compost_percent;waste_treatment_controlled_landfill_percent;waste_treatment_incineration_percent;waste_treatment_landfill_unspecified_percent;waste_treatment_open_dump_percent;waste_treatment_other_percent;waste_treatment_recycling_percent;waste_treatment_sanitary_landfill_landfill_gas_system_percent;waste_treatment_unaccounted_for_percent;waste_treatment_waterways_marine_percent
AFG;SAS;Afghanistan;LIC;Jalalabad;1.0455;1.1175;0.0175;84.854;0.08;5.6455;4.9425;0.156;2.1395;Yes;;No;;;No;No;Yes;;10.0;326585.0;Door-to-door collection;No;No;No;;No;No;No;;;58914.45;;;;;;;;;;;;;100;;;;;
AFG;SAS;Afghanistan;LIC;Kandahar;11.6;2.311;0.169;64.364;1.499;9.643;5.929;;4.49;Yes;;No;;;No;No;Yes;;;429000.0;Centralized drop-off point;No;No;No;;No;No;No;;;120971;;;;;;;;;;;;;100;;;;;
AFG;SAS;Afghanistan;LIC;Mazar-E-Sharif;50.5;1.32;0.32;28.87;1.69;10.64;3.41;0.18;2.87;Yes;;No;;;No;No;Yes;;;635250.0;Centralized drop-off point;No;No;No;;No;No;No;;;52368.4;;;;;;;;;;;;;100;;;;;
AFG;SAS;Afghanistan;LIC;Kabul;13.5;1;0.5;63;5.0;11;;1;4.0;;;;;;No;No;Yes;1000.0;5.0;3700000.0;Centralized drop-off point;;;;;;;;;;1989250;80;;;0;;401500;;;;;;;75;;;;25;
AFG;SAS;Afghanistan;LIC;Hirat;52.94;1.47;0.23;23.05;3.67;12.06;5.39;0.54;0.64;Yes;;No;;;No;No;Yes;;29.0;337000.0;Door-to-door collection;No;No;No;;No;No;No;;;91644.7;;;;;;;;;;;;;100;;;;;
AGO;SSF;Angola;LMC;Luanda;21;6;3;43;11.0;12;;1;3.0;;;;;;;;;;;4508000.0;;;;;;;;;;;1316336;20;;;;;;;;;;;;;;;;;
ALB;ECS;Albania;UMC;Korca;37;2;2;37;11.0;11;;;;Yes;No;Yes;No;No;No;No;Yes;;;51152.0;Curbside collection;No;No;No;No;No;No;No;;;21000;7;;;;;;;;;100;;;;;;;;
ALB;ECS;Albania;UMC;Vlora;40.42;4.47;0.99;24.08;18.94;11.1;;;;Yes;No;Yes;No;No;No;No;Yes;;;79513.0;Curbside collection;No;No;No;No;No;No;No;380000.0;;37955;7;;;;;;;;;;;;90;;10.0;;;
ARE;MEA;United Arab Emirates;HIC;Abu Dhabi;39;4;3;10;25.0;19;;;;Yes;;;;Yes;yes;yes;yes;;;1145000.0;Curbside collection;;;;;;;No;;;1033543;;;6.0;;;;;;9;;;9.0;62;;20.0;;;
ARE;MEA;United Arab Emirates;HIC;Dubai;35.42;3.42;2.37;7.55;24.29;24.23;1.67;0.98;;Yes;;;;;Yes;Yes;Yes;;;2415000.0;Curbside;;;;;;;;;;2689808;;;;;;3,65E+05;;;;;;;;;25.0;75.0;;
ARG;LCN;Argentina;HIC;C贸rdoba;35;3;2;15;13.0;14;;;18.0;;;;;;;;;;;1329604.0;Multiple;Yes;Yes;No;;Yes;Yes;Yes;;;488735;;;;;;;;;;69.32;;;30;;0.68;;;
ARG;LCN;Argentina;HIC;Rosario;58.38;4.93;1.4;11.31;13.55;11.68;;;;;;;;;Yes;;Yes;2000.0;;1193605.0;Multiple;Yes;;No;;Yes;Yes;Yes;;;438730;30;;1.0;;;;;;15.2;;;;;;;89.19;;
ARG;LCN;Argentina;HIC;Ciudada Aut贸noma De Buenos Aires (Caba).;38;6;2;18;16.0;16;;;4.0;Yes;;Yes;;;No;;Yes;9455.0;;2981781.0;Multiple;Yes;Yes;No;Yes;Yes;Yes;Yes;;;2532005;;;3.0;;;;;;;;;;;14.42;7.2;61.5;16.88;
ARM;ECS;Armenia;UMC;Vanadzor;28;6;3.75;34.5;10.0;15.75;2;;;No;No;No;Yes;No;No;No;No;10.0;0.17;86199.0;Curbside collection;No;No;No;No;No;No;No;;;23596.97;13;;;0;;9540;;;;;;;90;;;;10;
ARM;ECS;Armenia;UMC;Spitak;29.5;6.75;4;42.75;4.5;9.75;2.75;;;No;No;No;Yes;No;No;No;No;;;12881.0;Curbside collection;No;No;No;No;No;No;No;;;2866;4;;;;;;;;;;;;93.16;;;;6.84;
ASM;EAS;American Samoa;UMC;Pago Pago;19.7;3.4;7.9;25.6;26.4;12.8;4.2;;;Yes;;;;;;;Yes;;;;;;;;;;;;;;;;;;;;;;;;0;;;;;;;;
AUS;EAS;Australia;HIC;Perth;40.1;6.8;3.5;22;15.2;8.2;;2;2.5;Yes;;Yes;;;Yes;Yes;Yes;;;20359.0;Curbside collection;Yes;Yes;Yes;;Yes;Yes;;;;;35;;;;;;;;;;;;;;18.0;;;
AUS;EAS;Australia;HIC;Melbourne;68.21;3;;1;11.44;15.33;;;1.03;Yes;;Yes;;;Yes;Yes;Yes;;;4203000.0;Curbside collection;;;;;;;;;;;;;;;;;;;;74.19;;;;;25.81;;;
AUS;EAS;Australia;HIC;Canberra;47;7;5;15;22.0;4;;;;Yes;Yes;Yes;;;Yes;Yes;Yes;;;353626.0;Curbside collection;Yes;Yes;Yes;;Yes;Yes;;;;350000;;;;;;;;;;28;;;;;70.0;;2;
AUT;ECS;Austria;HIC;Vienna;31.4;8.3;3.6;16.8;37.0;2.9;;;;Yes;;;;;;;Yes;;;1741246.0;Door-to-door collection: waste collector knocks on door or rings doorbell and waits for resident to bring waste.;Yes;Yes;Yes;;Yes;Yes;Yes;;;1036879;;;;;;;;;;;;;;;;;;
AZE;ECS;Azerbaijan;UMC;Baku;41.7;6.4;1.5;20.6;18.1;10.4;;1.4;;Yes;;;;;Yes;Yes;;;;2374000.0;Curbside collection;No;No;No;No;No;No;;;;1965922;;;;;;134702;;;;;24.21;;;;;36.36;49.22;
BDI;SSF;Burundi;LIC;Muyinga;;;;;;;;;;;;;;;;;;;;632409.0;;;;;;;;;;;5657.5;;;;;;;;;;;;;100;;;;;
BDI;SSF;Burundi;LIC;Kayanza;;;;;;;;;;;;;;;;;;;;585412.0;;;;;;;;;;;4015;;;;;;;;;;;;;;;;;;
BDI;SSF;Burundi;LIC;Ngozi;;;;;;;;;;;;;;;;;;;;39884.0;;;;;;;;;;;6752.5;;;;;;;;;;;;;100;;;;;
BDI;SSF;Burundi;LIC;Bujumbura;;;;;;;;;;No;;No;;;No;No;No;;;412000.0;Door-to-door collection;;;;;;;;;;210532;;;;;;;;;;;;;100;;;;;
BEL;ECS;Belgium;HIC;Brussels;;22;;20;35.0;11;;;12.0;Yes;Yes;;Yes;Yes;Yes;Yes;;;;1154635.0;Other;Yes;Yes;Yes;Yes;Yes;Yes;Yes;;;469559;;;;;;;;;;;;;;;;;;
BEL;ECS;Belgium;HIC;Liege;;;;;;;;;;;Yes;Yes;Yes;;Yes;Yes;;;;1020579.0;Other;Yes;Yes;;;Yes;Yes;Yes;;;525300;;;;;;;;3;14;;26;;;;53.0;4.0;;
BEN;SSF;Benin;LIC;Porto Novo;;;;;;;;;;;;;;;;;;;;600000.0;;;;;;;;;;;109500;;;;;;;;;;;;;;;;;;
BEN;SSF;Benin;LIC;Cotonou;58.24;0.86;1.13;29.62;3.96;4.43;0.22;1.54;;;;;;;;;;;;642000.0;Door-to-door collection;;;;;;;;;;258420;;;;;;;;;;;;;;;;;;
BFA;SSF;Burkina Faso;LIC;Bobo Dioulasso;;;;;;;;;;;;;;;;;;;;365000.0;;;;;;;;;;;90000;;;;;;;;;;;;;;;;;;
BFA;SSF;Burkina Faso;LIC;Ouagadougou;39;3;4;35;9.0;10;;;;Yes;;No;;No;Yes;Yes;Yes;;;1328000.0;Door-to-door collection: waste collector knocks on door or rings doorbell and waits for resident to bring waste.;Yes;Yes;Yes;;Yes;Yes;Yes;;;315068;10;;26.0;;;;;;;;;;;;;;;
BGD;SAS;Bangladesh;LMC;Patuakhali;84.37;0.63;0.4;5.95;3.1;2.89;1.06;0;1.61;Yes;No;No;No;No;No;;No;;4.55;65000.0;Centralized drop-off point;No;No;;;No;No;No;;;5220;;;27.0;;;2190;;;;;;;55.45;;4.55;;40;
BGD;SAS;Bangladesh;LMC;Chittagong;79.03;0.22;1.04;6.08;3.6;7.21;2.09;0;0.72;Yes;No;No;No;No;No;;No;300.0;12.41;2581643.0;Door-to-door collection;No;No;;;No;No;No;;;320380;;;76.0;;;39785;;;0.42;;;;29.17;;12.41;;58;
BGD;SAS;Bangladesh;LMC;Rangpur;76.68;0.59;0.5;12.74;2.81;4.55;0.74;0;1.41;Yes;No;No;No;No;No;;No;15.0;4.84;294265.0;Centralized drop-off point;No;No;;;No;No;No;;;25992;;;;40;;4745;;;;;;;27.16;;4.84;;68;
BGD;SAS;Bangladesh;LMC;Dhaka;78.87;4.085;4.085;4.57;4.29;4.1;;;;Yes;No;No;No;No;No;;No;120000.0;;5700000.0;Door-to-door collection;No;No;;;No;No;No;;;1424689;10;;;;;239440;;;;;;;43.5;43.0;13.5;;;
BGD;SAS;Bangladesh;LMC;Rajshahi;81.96;0.3;0.04;9.91;2.64;4.05;0.42;;0.66;Yes;No;No;No;No;No;;No;20.0;4.71;448087.0;Door-to-door collection;No;No;;;No;No;No;;;40069.699999999997;8;;;18;;9125;;;;;;;67.29;;4.71;;28;
BGR;ECS;Bulgaria;UMC;Ruse;;;;;;;;;;Yes;Yes;Yes;Yes;Yes;Yes;Yes;Yes;;;144936.0;;;;;;;;;;;;;;;;;;;;;;;;;;;;;
BGR;ECS;Bulgaria;UMC;Burgas;;;;;;;;;;Yes;Yes;Yes;Yes;Yes;Yes;Yes;Yes;;;202766.0;;;;;;;;;;;;;;;;;;;;;;;;;;;;;
BHR;MEA;Bahrain;HIC;Manama;;;;;;;;;;Yes;;;;;Yes;Yes;Yes;;;411000.0;Curbside collection;;;;;;;No;;;;;;;;;;;;;;;;;;;;;
BIH;ECS;Bosnia and Herzegovina;UMC;Banja Luka;34.2;4.9;6.6;16.3;10.8;22.3;0.9;4.1;;Yes;No;No;No;Yes;No;No;Yes;;;180053.0;Centralized drop-off point;;;;;;;No;;;65941;13;;;0;;;;;;;;;;;;100.0;;
BIH;ECS;Bosnia and Herzegovina;UMC;Sarajevo;15;14;;51;17.0;2.5;;;;Yes;No;No;No;Yes;Yes;Yes;Yes;;;318000.0;Centralized drop-off point;Yes;No;No;Yes;Yes;Yes;Yes;1181284.0;;146280;5;;;0;;;;;;;;;;;;;;
BLR;ECS;Belarus;UMC;Minsk;32.13;5.88;4.23;35;6.9;10.12;1.75;3.23;1.0;;;Yes;;Yes;;Yes;Yes;;;1915000.0;Centralized drop-off point;No;Yes;No;;Yes;Yes;Yes;;;1135421;18;;;;;150200;;;;;;;;;;97.0;3;
BLR;ECS;Belarus;UMC;Grodno;23.8;14.6;2.6;44.3;4.6;8.6;0.6;0.9;;Yes;;Yes;;Yes;Yes;;Yes;;;340000.0;Multiple;No;Yes;No;No;Yes;Yes;Yes;411236.0;;147500;21;;;;;36650;;;;99.4;;;;;0.6;;;
BLZ;LCN;Belize;UMC;San Pedro;52;6;4;;13.0;13;;;12.0;;;;;;;;;;;14215.0;;;;;;;;;;;10166;;;1.0;;;;;;;;;;;;;57.6;42.4;
BLZ;LCN;Belize;UMC;Belize City;37;9;7;8;18.0;21;;;;Yes;;;;;;;No;;;68266.0;Centralized drop-off point;;;;;;;;;;32657;43;;1.0;;;;;;;;;;;;;65.0;35;
BOL;LCN;Bolivia;LMC;La Paz;47.3;2.6;1.4;20.7;12.8;15.2;;;;No;;;;;;;Yes;1288.0;4.0;840209.0;Multiple;;;;;;;;;0;202456.07;14;;;;;;;;1;;;;;;4.0;89.0;6;
BRA;LCN;Brazil;UMC;Distrito Federal, Brasilia;46.1;0.6;4.3;4.4;27.1;14.7;1.2;1.8;;Yes;;Yes;;;Yes;;Yes;2965.0;56.0;2977216.0;Multiple;Yes;Yes;Yes;;Yes;Yes;Yes;;;835480;15;;4.0;;;;;;;100;;;;;5.94;0.0;;
BRA;LCN;Brazil;UMC;Rio De Janeiro;52;3.5;1.67;6.3;14.97;21.15;;;;Yes;;Yes;;;Yes;;Yes;;;6453682.0;Door-to-door collection;;;;;;;Yes;;;3368499;;;5.0;;;;;;;6.3;;;0;;0.5;93.2;;
BRA;LCN;Brazil;UMC;Sao Paulo;47;1;2;22;16.0;10;1;;;Yes;;Yes;;;Yes;;Yes;20000.0;;11895893.0;Door-to-door collection;Yes;Yes;No;;Yes;Yes;Yes;;;4700000;;;3.0;;;;;;3;24;;;18;;;55.0;;
BTN;SAS;Bhutan;LMC;Phuentsholing;65.4;2.3;0.4;2.3;14.1;12.1;3.5;;;Yes;No;No;No;Yes;;;Yes;;;40000.0;Door-to-door collection;No;No;No;;No;No;No;;;6205;7.5;;;0;;4015;;;;;;;;;;100.0;;
BTN;SAS;Bhutan;LMC;Thimphu;50.5;3.7;0.5;4.2;24.6;13.5;3.1;;;Yes;No;No;No;Yes;;;;;;101990.0;Door-to-door collection;Yes;Yes;Yes;;Yes;Yes;Yes;;;18250;;;;0;;;;;8;;;;82;;5.0;;5;
BWA;SSF;Botswana;UMC;Gaborone;67.9;6.4;6.2;2.5;12.5;4.5;;;;;;;;;;;;;;210000.0;;;;;;;;;;;53655;;;;;;;;;;;;;;;;;;
CAN;NAC;Canada;HIC;Toronto;46.5;3.5;2.8;8.2;26.3;11;;;2.0;Yes;;Yes;;;Yes;Yes;Yes;;;2800000.0;Curbside collection;Yes;Yes;Yes;;Yes;Yes;Yes;;;942700;;;;7;;;;;3.74;52.08;;;;;47.91;;;
CAN;NAC;Canada;HIC;Ottawa;50.1;;;26.7;15.9;7.3;;;;Yes;;Yes;;;Yes;Yes;Yes;;;934243.0;Curbside collection;Yes;Yes;Yes;;Yes;Yes;Yes;;;325000;;;;;;;;;;;;;;;42.5;;;
CAN;NAC;Canada;HIC;Vancouver;43;2;3;18;17.0;17;;;;Yes;;;;;Yes;Yes;Yes;;;2465031.0;Curbside collection;Yes;Yes;Yes;;Yes;Yes;Yes;;;909519;;;;;;;;;;;;;;;;;;
CHE;ECS;Switzerland;HIC;Bern;;;;;;;;;;;;;;;;;;;;358000.0;;;;;;;;;;;59000;;;;;;;;;;;;;;;43.22;;;
CHE;ECS;Switzerland;HIC;Zurich;;;;;;;;;;;;;;;;;;;;1246000.0;;;;;;;;;;;;;;;;;;;;;;;;;;;;;
CHL;LCN;Chile;HIC;Santiago De Chile;49;4;1;16;12.0;10;;;13.0;Yes;;;;;;;;;;7007620.0;;;;;;;;;;;3072148;;;;;;;;;;1.2;;;;;;98.8;;
CHN;EAS;China;UMC;Beijing;63.4;1.6;0.3;6.6;11.1;12.7;2.5;1.8;;Yes;;;;;;;;200000.0;30.0;20384000.0;;;;;;;;;;;7903000;;;;;;;;;2;;8;;;;;90.0;;
CIV;SSF;Cte dIvoire;LMC;Abidjan;40;2;2;35;6.0;8;;;9.0;;;;;;;;Yes;1000.0;;4150000.0;Door-to-door collection;;;;;;;;;;1200000;;;;;;;;;;;;;;;;;;
CMR;SSF;Cameroon;LMC;Limbe;54.8;1.6;2.4;16.3;12.5;12.4;;;;;;;;;;;;;;;;;;;;;;;;;;;;;;;;;;;;;;;;;;;
CMR;SSF;Cameroon;LMC;Douala;;;;;;;;;;;;;;;;;;;;1490000.0;;;;;;;;;;;380695;;;;;;;;;;;;;;;;;;
CMR;SSF;Cameroon;LMC;Yaounde;;;;;;;;;;Yes;;;;;;;Yes;;;2349000.0;;;;;;;;;;;375303.95;;;;;;;;;;;;;;;;;;
CMR;SSF;Cameroon;LMC;Bafoussam;;;;;;;;;;;;;;;;;;;;193000.0;;;;;;;;;;;30000;;;;;;;;;;;;;;;;;;
COD;SSF;Congo, Dem. Rep.;LIC;Kinshasa;;;;;;;;;;Yes;;;;;;;Yes;;;11587000.0;;;;;;;;;;;2555000;;;;;;;;;;;;;10;;;;90;
COG;SSF;Congo, Rep.;LMC;Dolisie;73.9;2.1;1.9;9.9;6.0;6.2;;;;;;;;;;;Yes;;;95000.0;Door-to-door collection;;;;;;;;;1000000000;17550;;;;;;;;;;;;;;;;;;
COL;LCN;Colombia;UMC;Bogot谩;61.45;1.06;0.95;7.34;10.17;19.03;;;;Yes;;Yes;;;Yes;Yes;Yes;4843.0;;6840116.0;;;;;;;;Yes;;;1746890;;;;;;;;;;;;;;;17.0;83.0;;
COL;LCN;Colombia;UMC;Medellin;59.24;1.07;0.76;25.86;3.7;9.37;;;;;;;;;Yes;Yes;Yes;438.0;;2464322.0;Door-to-door collection;;;;;;;No;;;476455;57;;;;;;;;;;;;;;16.0;84.0;;
COL;LCN;Colombia;UMC;Cali;59;2.56;1.06;27.94;6.23;3.21;;;;;;;;;Yes;Yes;Yes;3258.0;;2224158.0;Other;;;;;;;Yes;;;669410;62;;1.0;;;;;;;;;;;;15.0;85.0;;
COM;SSF;Comoros;LIC;Moroni;;;;;;;;;;;;;;;Yes;;Yes;;;56000.0;Centralized drop-off point;;;;;;;;;;;;;;;;;;;;40;;;;;;;60;
CRI;LCN;Costa Rica;UMC;San Jos茅;55;2;2;20;11.0;10;;;;;;;;;Yes;;;500.0;;309673.0;Door-to-door collection;;;;;;;Yes;;;132405;;;;;;15979;;;;;;;;0.38;5.2;94.42;;
CRI;LCN;Costa Rica;UMC;Alajuela;51.1;0.9;1.1;26.8;7.5;12.6;;;;Yes;;;;;Yes;Yes;Yes;;;254886.0;Door-to-door collection;;;;;;;No;;;80901.440000000002;;;1.0;;;;;;;;;;;;0.42;100.0;;
CUB;LCN;Cuba;UMC;Havana;60;11;2;1;9.0;8;;;9.0;;;;;;;;Yes;;;2135747.0;Multiple;;;;;;;;;;545683.36;;;;;;;;;;97;;;;3.0;;;;
CYP;ECS;Cyprus;HIC;Paralimini;20;5;1;20;11.0;17;;;26.0;;;;;;;;;;;11836.0;;;;;;;;;;;;;;;;;;;;;;;;;;;;;
CYP;ECS;Cyprus;HIC;Nicosia;;;;;;;;;;Yes;;;;;;;;;;55014.0;;Yes;Yes;;;Yes;Yes;;;;36198;;;;;;;;;2.87;;;87.23;;;9.89;;0.01;
CZE;ECS;Czech Republic;HIC;Karlovy Vary;;;;;;;;;;;;;;;;;;;;299293.0;;;;;;;;;;;131539.26999999999;;;;;;;;;;;;;;;;;;
CZE;ECS;Czech Republic;HIC;Prague;;;;;;;;;;;;;;;;;;;;1243201.0;Other;;;;;;;;;;400900;;;;;;;;;;;;;;;;;;
DEU;ECS;Germany;HIC;Hamburg;21.49;4.27;6.53;32.79;25.75;1.6;;7.54;;Yes;;;;;Yes;Yes;Yes;;;1831000.0;Curbside collection;Yes;Yes;Yes;Yes;Yes;Yes;Yes;;;;;;;;;;;;;;;;;;;;;
DEU;ECS;Germany;HIC;Berlin;;;;;;;;;;;;;;;;;;;;;;;;;;;;;;;;;;;;;;;;;;;;;;;;;
DJI;MEA;Djibouti;LMC;Djiibouti City;;;;;;;;;;;;;;;;;;;;404000.0;;;;;;;;;;;87600;;;;;;;;;;;;;;62.0;;;;
DNK;ECS;Denmark;HIC;Copenhagen;;;;;;;;;;;;;;;;;;;;570171.0;Other;Yes;Yes;;Yes;Yes;Yes;Yes;;;233805;;;;;;;;;;;;;;;;;;
DOM;LCN;Dominican Republic;UMC;Santo Domingo;58;5;2;11;8.0;9;1;0.3;7.0;Yes;;;;;;;;950.0;;3976012.0;Multiple;;;;;;;;;;1818889;16;;6.0;;;;;;;;;;;;;72.0;28;
DZA;MEA;Algeria;UMC;Algiers;54.4;1.16;2.84;0.84;9.75;16.88;12.62;1.51;;Yes;;No;;;;;Yes;;;2594000.0;;;;;;;;;;;1237874;;;;;;;;;1;;;;;7.0;10.0;82.0;;
DZA;MEA;Algeria;UMC;Mostaganem;64.6;2.8;1.9;4.3;15.9;10.5;;;;;;;;;;;;;;720000.0;;;;;;;;;;;160000;;;;;;;;;;;;;;;;;;
ECU;LCN;Ecuador;UMC;Quito;56.95;1.62;0.9;20.92;4.25;14.21;;0.85;0.3;;;;;;;;;3472.0;6.132564760348603;2344231.0;;;;;;;;;;0;727297.66;;;2.0;;;;;;;;;;;;6.0;89.0;5;
EGY;MEA;Egypt, Arab Rep.;LMC;Cairo;56;3;7.2;10.5;19.5;3.8;;;;Yes;;No;Yes;Yes;;;;33000.0;10.0;9000000.0;Door-to-door collection;;;;;;;Yes;;;5475000;;;;;;;;;;;;;;;;;;
ESP;ECS;Spain;HIC;Pamplona;37.2;8.9;2.3;24.6;16.4;8.2;;2.5;;No;;;;Yes;Yes;;Yes;;;195650.0;Centralized drop-off point;;Yes;Yes;;Yes;Yes;Yes;;;141296;;;6.0;;;;;;;68;;;;;32.0;;;
ESP;ECS;Spain;HIC;Madrid;;21.73;5.8;43.76;11.78;10.4;;0.2;6.31;Yes;;;;Yes;Yes;Yes;Yes;;;3165235.0;Other;Yes;Yes;No;Yes;Yes;Yes;Yes;;;2652471;;;9.0;;;;;10;5;29;10;;;36.0;10.0;;;
EST;ECS;Estonia;HIC;Tallinn;22;13;5;15;29.0;14;;2;;Yes;;Yes;;Yes;;;;;;391000.0;;;;Yes;Yes;Yes;;;;;202011;;;;;;;;;;;;;;;;;;
EST;ECS;Estonia;HIC;Tartummaa;0.93;0.02;3.84;74.86;15.06;0.07;;;5.32;;;;;;;;;;;150000.0;;;;;;;;;;;;;;;;;;;;;;;;;;;;;
ETH;SSF;Ethiopia;LIC;Adola Woyu;39;3.65;5.1;28.1;7.6;6.3;0.6;9.5;;;;;;;;;;;;32692.0;;;;;;;;;;;3222;;;;;;;;;;;;;;;;;;
ETH;SSF;Ethiopia;LIC;Bule Hora;77.15;;;13.8;3.65;5.4;;;;;;;;;;;;;;35192.0;;;;;;;;;;;7322;;;;;;;;;;;;;;;;;;
ETH;SSF;Ethiopia;LIC;Addis Ababa;44.45;1.15;1.05;29.55;11.5;12.65;;;;;;;;;;;Yes;;;2979100.0;;;;;;;;;;;413180;20.92;;;;;;;;;;;;;;;;;
ETH;SSF;Ethiopia;LIC;Maichew;52.75;0.55;2.55;33.05;4.55;5.5;;;;;;;;;;;;;;33560.0;;;;;;;;;;;4907;;;;;;;;;;;;;;;;;;
ETH;SSF;Ethiopia;LIC;Tepi;52;3;3.5;26.5;1.0;1;;12.5;;;;;;;;;;;;36128.0;;;;;;;;;;;4697.8999999999996;;;;;;;;;;;;;;;;;;
ETH;SSF;Ethiopia;LIC;Gerbe Guracha;75.5;;;11.14;2.38;4;;1;;;;;;;;;;;;41438.0;;;;;;;;;;;5277.62;;;;;;;;;;;;;;;;;;
ETH;SSF;Ethiopia;LIC;Weldiya;52.5;2.5;3;27;6.5;7.5;;0.5;;;;;;;;;;;;86311.0;;;;;;;;;;;4787;;;;;;;;;;;;;;;;;;
ETH;SSF;Ethiopia;LIC;Debre Tabor;67;1;1;26;1.0;1;;1;;;;;;;;;;;;78706.0;;;;;;;;;;;6570;;;;;;;;;;;;;;;;;;
ETH;SSF;Ethiopia;LIC;Bati;52.01;1.49;0.39;32.19;6.92;6.95;;;;;;;;;;;;;;20536.0;;;;;;;;;;;1469;;;;;;;;;;;;;;;;;;
ETH;SSF;Ethiopia;LIC;Dire Dawa;68;0.7;1.5;15.3;5.0;10;;;;Yes;;;;;;;;;;270000.0;Door-to-door collection;;;;;;;;;;49275;;;;;;21900;;;;;;;100;;;;;
ETH;SSF;Ethiopia;LIC;Halaba Kulito;88.8;;;5.9;1.7;3.7;;;;;;;;;;;;;;271654.0;;;;;;;;;;;;;;;;;;;;;;;;;;;;;
ETH;SSF;Ethiopia;LIC;Dembi Dolo;57;0.49;0.49;37.47;2.7;2.3;;;;;;;;;;;;;;41031.0;;;;;;;;;;;3295;;;;;;;;;;;;;;;;;;
FIN;ECS;Finland;HIC;Oulu;;;;;;;;;;Yes;;;;Yes;;;;;;196321.0;;;;;;;;Yes;;;;;;;;;;;;;;;;;;;7.5;92.5;
FIN;ECS;Finland;HIC;Riihimaki;48.4;1.6;2.3;17.1;14.2;15.8;;0.7;;;;;;;;;;;;30000.0;;;;;;;;;;;;;;;;;;;;;;;;;;;;;
FIN;ECS;Finland;HIC;Turku;42.8;1.5;1.6;19.9;15.4;17.6;;1.1;;;;;;;;;;;;180000.0;;;;;;;;;;;;;;;;;;;;;;;;;;;;;
FJI;EAS;Fiji;UMC;Suva;49.5;2.5;3.6;6.2;16.0;8;0.1;4;9.7;Yes;;;;Yes;;;Yes;;;86000.0;Curbside collection;;;;;;;No;3400000.0;;24272.5;24;;0.0;;;;;;;;;;;;;;;
FRA;ECS;France;HIC;Angers-Loire Metropole;;;;;;;;;;Yes;Yes;;;Yes;Yes;Yes;Yes;;;277506.0;Other;Yes;Yes;Yes;Yes;Yes;Yes;Yes;;;136405;;;;;;;;;22.85;;0.23;;;;17.66;53.95;5;
FRA;ECS;France;HIC;Paris;22.2;6.8;3.8;25.1;21.3;16.7;;4.1;;;Yes;;Yes;;Yes;Yes;Yes;;;2254262.0;Door-to-door collection;;Yes;Yes;;;;Yes;;;1092508;;;;1;;;;;;;77.5;;;;17.1;5.4;;
FSM;EAS;Micronesia, Fed. Sts.;LMC;Pohnpei;15.6;5.7;25.7;8.8;16.6;25;2.6;;;Yes;;;;;;;Yes;5.0;;34574.0;Door-to-door collection;Yes;;;;;;Yes;;;4562.5;;;;;;;;;;;;;;;;;;
GAB;SSF;Gabon;UMC;Libreville;;;;;;;;;;;;;;;;;;;;707000.0;;;;;;;;;;;417428;;;;;;;;;;;;;100;;;;;
GBR;ECS;United Kingdom;HIC;London;34;12;4;8;36.0;6;;;;Yes;;Yes;;;Yes;;Yes;;;8173941.0;Door-to-door collection;Yes;Yes;Yes;;Yes;Yes;Yes;;;3560990;;;;;;;;;;;47;20.0;;4.0;30.0;;;
GBR;ECS;United Kingdom;HIC;Bristol;48;1;1;23;7.0;11;;;8.0;No;;No;;;Yes;;Yes;;;449300.0;Curbside collection;Yes;Yes;;;Yes;Yes;Yes;;;166000;;;;;;;25/03/2024;;;29.67;;;;;45.03;;;
GEO;ECS;Georgia;LMC;Tbilisi;69.5;2.4;1.1;4.8;9.5;13;;;;;;;;;;;;;;1147000.0;;;;;;;;;;;;;;;;;;;;;;;;;;;;;
GHA;SSF;Ghana;LMC;Accra;65.8;2.8;3.1;11.3;5.3;10.4;2.1;;;Yes;;;;;Yes;Yes;Yes;;;1960000.0;Door-to-door collection;;;;;;;;;;730000;12;;;;;;;;;;;;;;5.0;;95;
GHA;SSF;Ghana;LMC;Kumasi;48.4;2.9;4.5;18.6;6.5;17.6;1.6;;;;;;;;;;;;;1470000.0;;;;;;;;;;;397047;;;;;;;;;;;;;;;;;;
GIN;SSF;Guinea;LIC;Conakry;85;0.8;0.9;1.7;4.3;5.3;;;1.9;;;;;;;;;;;1045000.0;;;;;;;;;;;219000;;;;;;;;;;;;;;;;;;
GMB;SSF;Gambia, The;LIC;Banjul;32.44;1.48;1.4;53.14;9.19;;;2.35;;Yes;;;;;;;Yes;;;331000.0;;;;;;;;;;;79935;15;;;;;;;;;;;;;;;;;
GNQ;SSF;Equatorial Guinea;UMC;Labe;69;0.3;1.4;2;4.1;22.8;;;;;;;;;;;;;;;;;;;;;;;;;;;;;;;;;;;;;;;;;;;
GRC;ECS;Greece;HIC;Athens;;9.15;1.28;88.87;1.11;0.01;;;;No;;;;;No;;Yes;;;664046.0;;;;;;;;;;;310439.34000000003;;;;;;;;;;;;;;;;;;
GRC;ECS;Greece;HIC;Thessaloniki;44.3;4.3;3.9;6.8;22.2;13.9;;4.6;;;;;;;;;;;;354290.0;;Yes;Yes;;;Yes;Yes;Yes;;;130629;51;;;;;;;;;;;;;;;;;
GTM;LCN;Guatemala;UMC;Guatemala City;34.2;2.8;;22.5;18.6;17;2;2.9;;;;;;;;;Yes;4000.0;;2918000.0;;;;;;;;;;;482700;;;;;;;;;;;;;48;47.0;5.0;;;
GTM;LCN;Guatemala;UMC;Antigua Guatemala;49.3;2.2;2.8;19.4;10.0;12;1.8;2.5;;;;;;;;;;;;41500.0;;;;;;;;No;;;8483;7;;0.0;;;;;;;;;;;;;;;
GTM;LCN;Guatemala;UMC;Jutiapa;42.9;3.4;;21.7;12.5;11.8;3.4;4.2;;No;;;;;;;;;;453369.0;;;;;;;;;;;59100;;;;;;;;;;;;;12.44;87.56;;;;
HND;LCN;Honduras;LMC;Tegucigalpa;40;4;4;13;15.0;8;2;;12.0;Yes;;;;;;;;17500.0;;1200000.0;Door-to-door-collection;;;;;;;No;;;320470;4;;;;;;;;0;;;;5;2.0;3.0;89.0;1;
HND;LCN;Honduras;LMC;San Pedro Sula;68.78;1.44;1.29;6.18;10.33;11.26;;0.71;;;;;;;;;;250.0;;852000.0;Curbside collection;;;;;;;No;;;289685.90000000002;;;;0;;;;;;;;;;;;;;
HRV;ECS;Croatia;HIC;Zagreb;21.4;5.6;3.8;21.7;16.7;21.9;2.3;1.5;5.1;Yes;;;;;;;No;;;687000.0;;;;;;;;;;;255803.62;;;;;;;;;;;;;;;;;;
HRV;ECS;Croatia;HIC;Cakovec;;;;;;;;;;Yes;;;;;;;No;;;15000.0;;;;;;;;;;;8265.14;;;;;;;;;;;;;;;;;;
HTI;LCN;Haiti;LIC;Port Au Prince;53;2.1;1.5;14.2;12.0;15.4;;1.8;;;;;;;;;No;;;2618894.0;Centralized drop-off point;;;;;;;No;;;669127.42000000004;5;;;;;;;;;20;;;;;;;80;
HUN;ECS;Hungary;HIC;Debrecen;36.95;3.47;3.62;13.54;15.79;15.42;;;11.16;Yes;;;;;No;No;Yes;;;201981.0;Curbside collection;No;Yes;Yes;No;Yes;Yes;Yes;;;;;;;;;;;;;;;;;;;;;
HUN;ECS;Hungary;HIC;Budapest;23.2;6;7;32.4;10.4;21.2;;;;Yes;;;;Yes;Yes;;Yes;;;1744665.0;Other;Yes;Yes;Yes;;Yes;Yes;Yes;;;1000000;;;;;;;;;;;52;;;;;;48;
IDN;EAS;Indonesia;LMC;Jakarta;55.37;1.91;1.06;7.59;20.57;13.25;0.19;0.07;;Yes;;;;;Yes;;Yes;6000.0;;9607787.0;Door-to-door collection;Yes;Yes;Yes;;Yes;Yes;Yes;;;2240735;40;;;;;;;;;;;69.5;;;7.5;;23;
IMN;ECS;Isle of Man;HIC;Douglas;;;;;;;;;;Yes;;;;;Yes;;Yes;;;29000.0;Curbside collection;;;;;;;;;;;;;;;;;;;;;;;;;;;;
IND;SAS;India;LMC;Kota;51;3;1;20;10.0;15;;;;Yes;No;No;No;Yes;No;;Yes;1133.0;7.6;1001694.0;Centralized drop-off point;;;;;;;;;;216504;6;;;;;91980;;;;;;;100;;;;;
IND;SAS;India;LMC;Kozhikode;;;;;;;;;;Yes;No;No;No;;;;Yes;;;431560.0;Door-to-door collection;Yes;Yes;Yes;;Yes;Yes;Yes;;;109500;10;;;;;12045;;;25;;;;60;;;;15;
IND;SAS;India;LMC;Jaipur;;;;;;;;;;Yes;No;No;No;Yes;;;Yes;290.0;;3046163.0;Centralized drop-off point;;;;;;;No;;;542390;25;;2.0;;29200;;;;16.8;;;;60;23.6;;;;
IND;SAS;India;LMC;Tirunelveli;;;;;;;;;;Yes;No;No;No;Yes;No;;Yes;;;479606.0;;No;No;No;;No;No;;;;70007;14;;;;;;;;;;;;100;;;;;
IND;SAS;India;LMC;Amritsar;53;1;;35;5.0;1;;5;;Yes;No;No;No;;;;Yes;;;1132383.0;Door-to-door collection;;;;;;;;;;227395;4.7;;;;;78110;;;;;;;100;;;;;
IND;SAS;India;LMC;Allahabad;;;;;;;;;;Yes;No;No;No;No;Yes;;Yes;;1.17;1168385.0;Door-to-door collection;No;No;Yes;;No;No;Yes;;;236640;19;;;49;;26280;;;28;;;;65.7;;;;6.3;
IND;SAS;India;LMC;Greater Hyderabad ;48.22;1.66;0.52;29;7.26;8.61;1.82;;2.97;Yes;No;No;No;Yes;Yes;Yes;Yes;4498.0;4.0;6731790.0;Door-to-door collection;Yes;Yes;Yes;Yes;Yes;Yes;Yes;;;1642500;35;;15.0;;220825;;;;44;10;;;;36.0;;;10;
IND;SAS;India;LMC;Kochi;;;;;;21.6;;;;Yes;No;No;No;Yes;;;Yes;59.0;1.2;602046.0;Door-to-door collection;No;No;No;;No;No;Yes;;;72000;20.4;;;;;;;;40.3;38;;;;;21.6;;0.1;
IND;SAS;India;LMC;Leh;;;;;;;;;;Yes;No;No;No;Yes;;;;7.0;0.64;17353.0;Door-to-door collection;Yes;Yes;Yes;;Yes;Yes;Yes;;;12045;;;;0;;4015;;;;;;;100;;;;;
IND;SAS;India;LMC;Pune;33;5;3;47;6.0;5;1;;;Yes;No;No;No;Yes;;;Yes;2780.0;11.2;3124458.0;Door-to-door collection;Yes;Yes;Yes;;Yes;Yes;Yes;;;620500;20;;7.0;;;362445;;10.48;16.84;;;;50;10.89;11.17;;0.62;
IND;SAS;India;LMC;Patna;;;;;;;;;;Yes;No;No;No;Yes;No;;Yes;;;1684222.0;Door-to-door collection;No;No;No;;No;No;;;;338106.8;35;;;;;;;;;;;;15;;;;35;
IND;SAS;India;LMC;Jodhpur;13.22;0.54;2.49;20.54;9.0;15.34;1.93;5.17;31.74;Yes;No;No;No;Yes;Yes;;Yes;203.0;2.4;1033756.0;;No;No;No;;No;No;No;;;124538;15;;;;;;;;24.7;;;;54;;;;21.3;
IND;SAS;India;LMC;Nagpur;77;;;2;9.0;12;;;;Yes;No;No;No;Yes;Yes;Yes;Yes;360.0;;2405665.0;Door-to-door collection;No;No;No;;No;No;Yes;;;383250;20;;;;;721240;;;15;;;;81;;;;;
IND;SAS;India;LMC;Shimla;;;;;;;;;;Yes;No;No;No;Yes;;;Yes;500.0;;169578.0;Door-to-door collection;;;;;;;;;;34039.9;10;;;;;;;;;;;;;16.0;15.0;;69;
IND;SAS;India;LMC;Rudrapur;;;;;;;;;;Yes;No;No;No;Yes;;;Yes;;;154554.0;Door-to-door collection;No;No;No;;No;No;;;;23725;15;;;;;;;;;;;;92;;;;8;
IND;SAS;India;LMC;Bengaluru;53;3;1;12;13.0;12;;;6.0;Yes;Yes;No;No;Yes;Yes;;Yes;6000.0;6.9;8443675.0;Door-to-door collection;Yes;Yes;Yes;;Yes;Yes;Yes;;;1277500;26;;;0;;20700;;0.57;14.28;;;;70;;;;15.15;
IND;SAS;India;LMC;Pimpri-Chinchwad;47.89;3.61;0.01;12;3.9;13.67;3.91;14.66;;Yes;No;No;No;;Yes;;Yes;;;1727692.0;Door-to-door collection;;;;;;;;;;271925;10;;;;;335435;;;60.9;;;;;0.2;18.8;20.0;0.1;
IND;SAS;India;LMC;Kanpur;51.97;0.24;0.41;40;3.38;2.25;1.6;;;Yes;No;No;No;Yes;Yes;;Yes;753.0;2.0;2767031.0;Door-to-door collection;No;No;No;;No;No;Yes;;;547500;13;;3.0;;;;;;46.66;;35;;;;8.0;;10.34;
IND;SAS;India;LMC;Rajkot;31.64;0.11;0.8;63.38;0.84;2.11;1.12;;;Yes;No;No;No;Yes;No;No;Yes;800.0;6.0;1432734.0;Door-to-door collection;;;;;;;No;;;193450;16;;2.0;;;910;;;;;;;100;;;;;
IND;SAS;India;LMC;Tenali;48;3;;15;11.0;;13;4;6.0;Yes;No;No;No;Yes;Yes;Yes;Yes;250.0;7.9;164937.0;Door-to-door collection;Yes;Yes;Yes;Yes;Yes;Yes;Yes;;;34675;7;;;;;19710;;2.1;1.05;;;;90;;3.7;;3.15;
IND;SAS;India;LMC;Lucknow;47;;;36;17.0;;;;;Yes;No;No;No;Yes;Yes;Yes;Yes;300.0;0.866;2817106.0;Door-to-door collection;;;;;;;No;;;505525;25;;3.0;;;45990;;;23;;;;60;15.0;;;2;
IND;SAS;India;LMC;Ludhiana;34;10;;35;4.7;16;;;;Yes;No;No;No;Yes;Yes;;Yes;2200.0;60.0;1840000.0;Door-to-door collection;;;;;;;No;;;401500;10;;4.0;;;36500;;;;;;;45;55.0;;;;
IND;SAS;India;LMC;Tadipatri;62.5;;;25;;12.5;;;;Yes;No;No;No;Yes;No;No;Yes;;;108249.0;Door-to-door collection;Yes;Yes;Yes;;Yes;Yes;Yes;;;14600;;;;;;;;;70;;;;30;;;;;
IND;SAS;India;LMC;Bhopal;;;;;;;;;;Yes;No;No;No;Yes;;;Yes;1446.0;;1798218.0;Door-to-door collection;;;;;;;;;;292000;6.5;;1.0;;;128845;;0.75;21.1;;;;;;;;78.15;
IND;SAS;India;LMC;Faridabad;42;0.85;0.26;33.65;7.16;16.08;;;;Yes;No;No;No;Yes;;;Yes;61.0;;1414050.0;Door-to-door collection;;;Yes;Yes;;Yes;Yes;;;242360;25;;1.0;;20075;;;;36.7;;;;;;;;42.4;
IND;SAS;India;LMC;Cuttack;;;;;;;;;;Yes;No;No;No;Yes;Yes;Yes;Yes;69.0;1.51;610189.0;Door-to-door collection;Yes;Yes;Yes;;Yes;Yes;;;2000000;66816;;;;;;;;;;;;;100;;;;;
IND;SAS;India;LMC;Ahmedabad;28;1;;32;4.0;10;9;1;15.0;Yes;No;Yes;No;Yes;Yes;Yes;Yes;354.0;0.43;6494197.0;Door-to-door collection;;;;;;;Yes;;;1204500;;;3.0;;;935820;;;36.4;;;;;;15.0;49.0;;
IND;SAS;India;LMC;Itanagar;53;;3;24;7.0;7;6;;;No;No;No;No;Yes;;;Yes;;;59500.0;Door-to-door collection;Yes;Yes;Yes;;Yes;Yes;Yes;;;29200;4;;;;;;;;62.5;;;;12;;;;25.5;
IND;SAS;India;LMC;Vishakhapatnam;52;;;25;23.0;;;;;Yes;No;No;No;;Yes;;Yes;;;1728128.0;Door-to-door collection;Yes;Yes;Yes;;Yes;No;Yes;;;354050;25;;1.0;;;862495;;;;;;;97;;;;3;
IND;SAS;India;LMC;Nashik;;;;;;;;;;Yes;No;No;No;Yes;;;Yes;65.0;0.64;1486053.0;Door-to-door collection;Yes;Yes;Yes;;Yes;No;Yes;;;148569.60000000001;7.8;;;;;;;;;20;;;;;;;35;
IND;SAS;India;LMC;Dhanbad;;;;;;;;;;Yes;No;No;No;Yes;Yes;;Yes;171.0;0.46;1162472.0;Door-to-door collection;;;;;;;;;;197976;;;;;;143810;;;;;;;;;;;;
IND;SAS;India;LMC;Delhi;70.3;;;9.4;20.26;;;;;Yes;Yes;Yes;No;Yes;Yes;Yes;Yes;90000.0;16.1;11034555.0;Door-to-door collection;No;No;Yes;;No;No;Yes;;;3062350;19.3;;1.0;;;;;;7.8;;31.9;;13.3;8.3;15.0;;23.8;
IND;SAS;India;LMC;Srinagar;;;;;;;;;;Yes;No;No;No;No;Yes;;Yes;383.0;5.3;1147613.0;Door-to-door collection;No;No;Yes;;No;No;Yes;;920000000;106390.2;5;;;;;33552;;;;;;;100;;;;;
IND;SAS;India;LMC;Ghaziabad;55.94;1.39;0.64;18.94;9.71;9.12;0.98;3.28;;Yes;;;;;Yes;;Yes;;;1648643.0;Door-to-door collection;No;No;No;;No;No;;;;271925;;;;;;101470;;;40;;;;60;;;;;
IND;SAS;India;LMC;Imphal;60;2;1;15;10.0;5;2;5;;Yes;No;No;No;Yes;;;Yes;;;268243.0;Door-to-door collection;Yes;Yes;Yes;;Yes;Yes;Yes;;;29200;10;;;;;6205;;;;;;;;;;;;
IND;SAS;India;LMC;Surat;;;;;;;;;;Yes;No;Yes;No;Yes;;;Yes;;;5500000.0;Door-to-door collection;Yes;Yes;Yes;;Yes;Yes;Yes;;1500000000;620500;10;;8.0;;;18420;;;23.5;;;;76;;;;0.5;
IND;SAS;India;LMC;Vijaywada;;;;;;;;;;Yes;No;Yes;No;Yes;;;Yes;553.0;;1137793.0;Door-to-door collection;;;;;;;Yes;;;207320;15;;;;;61320;;3.5;22;;;;74;;;;0.5;
IND;SAS;India;LMC;Chennai;8;0;0.03;37.65;6.45;7.04;1.45;6.99;32.25;Yes;No;Yes;No;Yes;No;No;Yes;900.0;0.54;6671309.0;Door-to-door collection;;;;;;;No;;;1825000;15;;11.0;;;413910;;;1;99;;;;;;;;
IND;SAS;India;LMC;Indore;59;0.5;0.5;27;2.0;3.5;3.5;;4.0;Yes;No;;No;Yes;Yes;Yes;Yes;1128.0;3.8;1994397.0;Door-to-door collection;Yes;Yes;Yes;;Yes;Yes;Yes;;;328500;7;;1.0;;72732;;;;50;;;;25;25.0;;;;
IND;SAS;India;LMC;Coimbatore;76.95;;;17.5;5.55;;;;;Yes;No;No;No;Yes;Yes;Yes;Yes;179.0;;1050721.0;Door-to-door collection;Yes;Yes;Yes;;Yes;Yes;Yes;;28500000;324850;12;;4.0;;;140890;;0.1;53.4;;;;;;20.0;24.0;0.02;
IND;SAS;India;LMC;Navi Mumbai;53;;;20.6;21.4;;;;5.0;Yes;No;Yes;No;Yes;;;Yes;125.0;0.77;1120574.0;Block collection;Yes;Yes;Yes;;Yes;Yes;Yes;;1300000000;237250;5;;;;;33397.5;;;82;18;;;;;;;;
IND;SAS;India;LMC;Greater Mumbai;37;;;48;15.0;;;;;Yes;No;No;No;No;No;;Yes;2267.0;1.33;12478447.0;Door-to-door collection;Yes;Yes;Yes;;Yes;Yes;Yes;;;2497804.5;5;;4.0;;;831835;;;;;;;54;45.53;;;0.47;
IND;SAS;India;LMC;Guwahati;;;;;;;;;;Yes;No;No;No;Yes;Yes;Yes;Yes;33.0;0.22;957352.0;Door-to-door collection;Yes;Yes;Yes;;Yes;Yes;Yes;;;223015;12;;;;;;;;8.2;;;;75;;;;16.8;
IND;SAS;India;LMC;Gwalior;57.4;0.83;0.26;17.34;12.89;11.25;;;;Yes;No;No;No;Yes;Yes;Yes;Yes;688.0;7.2;1069276.0;Door-to-door collection;No;No;No;;No;No;;;;138754.75;12.5;;;;;1133325;;;39.5;;;;60;;;;0.5;
IND;SAS;India;LMC;Bhubaneswar;;;;;;;;;;Yes;No;No;No;Yes;No;;No;662.0;5.09;837737.0;Door-to-door collection;No;No;No;;No;No;Yes;30000000.0;10000000;189800;;;;;;20075;;;;;;;100;;;;;
IND;SAS;India;LMC;Mysore;55;9;;10;10.0;13;3;;;Yes;No;;No;Yes;Yes;Yes;Yes;222.0;2.2;1058210.0;Door-to-door collection;No;No;Yes;;Yes;No;Yes;;;146730;3.5;;;;;38690;;;50;31;;;;;22.0;;17;
IND;SAS;India;LMC;Warangal;51.14;;;15.53;19.59;13.74;;;;Yes;No;No;No;Yes;Yes;Yes;Yes;202.0;2.7;615998.0;Door-to-door collection;Yes;Yes;Yes;;Yes;Yes;Yes;;24000000000;109500;18.8;;;;;1,20E+04;;2;3.66;;;;93;;1.66;;;
IRL;ECS;Ireland;HIC;Dublin;27;16;2;10;37.0;8;;;;Yes;;;;Yes;Yes;Yes;Yes;;;527612.0;Multiple;Yes;Yes;Yes;;Yes;Yes;Yes;;;142889;;;;;;;;;;;;;;;49.0;;51;
IRN;MEA;Iran, Islamic Rep.;UMC;Tehran;69.3;1.9;1.5;9.9;9.6;7;0.4;0.4;;Yes;;;;;Yes;Yes;Yes;;;8432000.0;Curbside collection;;;;;;;Yes;;;2868170;39;;11.0;;;48834;;1.9;50;;2.5;;41.5;;4.0;;0.1;
IRQ;MEA;Iraq;UMC;Baghdad;;;;;;;;;;Yes;;;;;Yes;Yes;Yes;;;7000000.0;Door-to-door collection;;;;;;;No;;;3285000;;;9.0;;;;;;;;;;100;;;;;
ISR;MEA;Israel;HIC;Jerusalem;;;;;;;;;;;;;;;;;Yes;;;778000.0;;;;;;;;;;;;;;;;;;;;;;;;;;5.0;;95;
ISR;MEA;Israel;HIC;Tel Aviv;;;;;;;;;;;;;;;Yes;Yes;Yes;;;3311000.0;;;;;;;;;;;;;;;;;;;;;;;;;;10.6;;89.4;
ITA;ECS;Italy;HIC;Parma;22.98;0.4;10.01;17.43;14.38;26.4;3.32;5.08;;No;;Yes;;;;;Yes;;;192836.0;Multiple;Yes;Yes;Yes;Yes;Yes;Yes;Yes;;;97142.44;;;;;;;;;;;;;;;72.0;;28;
ITA;ECS;Italy;HIC;Milano;37.4;1.4;1.5;14.4;26.2;12.6;;6.5;;;;;;;Yes;Yes;Yes;;;1236837.0;Door-to-door collection;Yes;Yes;Yes;Yes;Yes;Yes;Yes;;;668158;;;4.0;;;;;;;;44.6;;;6.8;49.9;;;
JOR;MEA;Jordan;UMC;Amman;50;3;1;15;15.0;16;;;;Yes;;Yes;;Yes;Yes;Yes;Yes;;;2400000.0;;;;;;;;;;;996815;24;;3.0;;;;;;;;;;10;;;90.0;;
JPN;EAS;Japan;HIC;Yokohama;34.56;1.19;0.76;14.57;25.64;11.88;;1.97;9.43;Yes;Yes;Yes;Yes;Yes;Yes;Yes;Yes;;;3730345.0;Other;Yes;Yes;No;Yes;Yes;Yes;Yes;;1720000000;1182892;9;;4.0;;;698599;;;;10.18;74.95;;;;25.543;;;
JPN;EAS;Japan;HIC;Kobe;36.71;0.27;0.76;10.07;35.18;13.4;1.02;0.84;1.75;Yes;Yes;Yes;Yes;Yes;Yes;Yes;Yes;;;1547494.0;Centralized drop-off point;Yes;Yes;No;Yes;Yes;Yes;Yes;;;559401;12;;3.0;;;386406;;;;14.35;83.3;;;;14.89;;;
JPN;EAS;Japan;HIC;Osaka;10.4;1.8;3.2;12;45.9;19.9;;;6.8;Yes;Yes;Yes;Yes;Yes;Yes;Yes;Yes;;;2679962.0;Other;Yes;Yes;Yes;Yes;Yes;Yes;Yes;0.0;0;1021258;25;;2.0;;;631225;;;;14.19;90.33;;;;9.67;;;
JPN;EAS;Japan;HIC;Naha;6.3;;2.8;1.7;50.0;31.5;;;7.7;Yes;Yes;Yes;Yes;Yes;Yes;Yes;Yes;;;323558.0;Door-to-door collection;Yes;Yes;No;Yes;Yes;No;Yes;;;100375;;;;0;;;;0;0;3.82;89.09;;;0.0;15.01;;0;
JPN;EAS;Japan;HIC;Kitakyushu;49.1;0.6;0.8;14.3;26.4;8.7;;;;Yes;Yes;Yes;Yes;Yes;Yes;Yes;Yes;;;972192.0;Other;Yes;Yes;No;Yes;Yes;Yes;Yes;;;409332;;;8.0;;;130150;;;;11.35;75.93;;;;25.38;;;
JPN;EAS;Japan;HIC;Toyama;34.5;0.2;0.5;12.6;35.5;15.1;0.3;1.2;0.1;Yes;Yes;Yes;Yes;Yes;Yes;Yes;Yes;;;418495.0;Centralized drop-off point;Yes;Yes;No;Yes;Yes;Yes;Yes;;1440000000;163417;;;;;;38958;;;0.44;7.94;76.16;;;;24.28;;;
KAZ;ECS;Kazakhstan;UMC;Atyrau;32.5;4.3;2.9;22.5;27.6;8.3;0.7;;1.2;;No;Yes;No;;No;No;No;10.0;;275896.0;Centralized drop-off point;No;No;No;No;No;No;No;;;100000;5;;;;;;;;;;;;100;;;;;
KAZ;ECS;Kazakhstan;UMC;Kostanay;;;;;;;;;;;;Yes;;;No;No;No;;;228000.0;Other;No;No;No;No;No;No;No;;;;3;;;;;;;;;;;;;;;;26;
KEN;SSF;Kenya;LMC;Eldoret;;;;;;;;;;;;;;;;;;;;167016.0;;;;;;;;;;;;;;;;;;;;;;;;100;;;;;
KEN;SSF;Kenya;LMC;Nairobi;50.9;2;2;11.4;17.5;16.1;;;;Yes;No;;Yes;;Yes;;Yes;;;3050000.0;;;;;;;;No;;;829645;;;;;;;;;;;;;33;;5.0;;62;
KGZ;ECS;Kyrgyz Republic;LMC;Osh;64.19;4.67;1.27;7.06;9.2;13.11;0.27;0.22;;Yes;;No;;Yes;;;;;;281900.0;Centralized drop-off point;;;;;;;No;;;312700;;;;;;;;;;;;;100;;;;;
KGZ;ECS;Kyrgyz Republic;LMC;Bishkek;37;1;4;23;27.0;7;;1;;Yes;No;No;No;Yes;;;Yes;8800.0;;865000.0;Centralized drop-off point;No;No;No;No;No;No;No;;;544700;10;;;;;;;;;;;;;;1.0;;;
KHM;EAS;Cambodia;LMC;Phnom Penh;70;2;2;9;5.0;6;;6;;Yes;;;;;Yes;Yes;Yes;2000.0;;1731000.0;Multiple;;;;;;;No;;;711750;7.5;;0.0;;;;;;0.15;;;;;;;;99.85;
KIR;EAS;Kiribati;LMC;South Tarawa;74;2.6;8.4;0.5;7.0;6.6;1;;;Yes;;;;;;;;10.0;;46000.0;Door-to-door collection;;;;;;;;;;8395;;;0.0;;;;;;;;;26.0;;38.0;1.0;;;35.0
KOR;EAS;Korea, Rep.;HIC;Seoul;9.4;;9.9;30.4;41.7;5.9;2.7;;;;;;;;;;;;;10204000.0;Door-to-door collection;Yes;Yes;Yes;;Yes;Yes;Yes;;;3353985;64;;;;;;;;29;;8;;;;36.0;27.0;;
KWT;MEA;Kuwait;HIC;Kuwait City;;;;;;;;;;Yes;;No;;Yes;Yes;Yes;Yes;;;2779000.0;;;;;;;;;;;;;;;;;;;;;;;;100;;;;0.01;
LAO;EAS;Lao PDR;LMC;Vientiane;34;7;1;6;7.0;12;3;;30.0;Yes;No;No;No;Yes;No;;Yes;300.0;10.0;997000.0;Door-to-door collection;Yes;Yes;Yes;;Yes;Yes;No;;18750;232505;32;;1.0;;;21905;;;;50;;;;;10.0;;40;
LBN;MEA;Lebanon;UMC;Beirut;52;4;6;2;15.0;13;2;3;3.0;;;;;;;;;300.0;;650000.0;Curbside collection;;;;;;;No;;;240000;9;;2.0;;;365;;;10;;;;;2.0;5.0;83.0;;
LBN;MEA;Lebanon;UMC;Saida;50;5;5;;12.0;17;2;4;5.0;;;;;;;;;200.0;4.0;150000.0;Centralized drop-off point;;;;;;;No;;;36500;3;;;;;365;;50;10;;;;;7.0;20.0;;;13.0
LBR;SSF;Liberia;LIC;Monrovia;40;1;1;42;5.0;11;;;;;;;;;No;;;;;1056000.0;Door-to-door collection;;;;;;;;;;284700;4;;;;;;;;;;;;;;;;;
LBY;MEA;Libya;UMC;Tripoli;36.3;3.5;6.7;19.5;15.3;18.6;;;;;;;;;;;;;;1126000.0;;;;;;;;;;;263033.59999999998;;;;;;;;;;;;;;;;;;
LKA;SAS;Sri Lanka;LMC;Dehiwala Mt. Lavinia Municipal Council;52.5;1.2;0.7;6.7;13.6;10.5;0.6;;14.1;Yes;No;No;No;Yes;No;;Yes;;;187684.0;Door-to-door collection;Yes;Yes;Yes;;Yes;Yes;;;;63948;;;;0;;;;;0.5;;;;92.2;;3.4;;3.9;
LKA;SAS;Sri Lanka;LMC;Kurunegala;52;0.3;2;7.6;15.7;6.2;0.3;;16.0;Yes;No;No;No;Yes;Yes;;Yes;;;25317.0;Curbside collection;Yes;Yes;Yes;;Yes;Yes;;;;17545.55;;;;0;;;;;2.7;;;;80.4;2.7;14.2;;;
LKA;SAS;Sri Lanka;LMC;Trincomalee;12;2;1;40;4.0;3;1;;37.0;No;No;No;No;Yes;No;;Yes;;;50268.0;Curbside collection;Yes;Yes;No;;Yes;Yes;;;;22662.85;9;;;0;;;;;5.6;;;;61.5;28.7;4.1;;0.1;
LKA;SAS;Sri Lanka;LMC;Jaffna;68.9;0.4;0.3;8.4;2.7;4;0.2;;15.1;Yes;No;No;No;Yes;No;;Yes;;;82493.0;Curbside collection;Yes;Yes;No;;Yes;Yes;;;;38278;;;;0;;;;;5.9;;;;70.3;13.6;10.4;;0;
LKA;SAS;Sri Lanka;LMC;Moratuwa;52.5;1.2;0.7;6.7;13.6;10.5;0.6;;14.1;Yes;No;No;No;Yes;No;;Yes;20.0;1.14;171214.0;Door-to-door collection;Yes;Yes;Yes;;Yes;Yes;;;;45442.5;;;;0;;;;;14.2;48.6;;;;12.9;3.1;;21.2;
LKA;SAS;Sri Lanka;LMC;Colombo;70.9;4.1;0.9;5;6.6;9.2;;3.5;;Yes;No;No;No;Yes;No;;Yes;;;318048.0;Door-to-door collection;Yes;Yes;Yes;;Yes;Yes;;;;282875;14;;;;;75555;;;0.97;;;;99;;;;0.03;
LTU;ECS;Lithuania;HIC;Vilnius;24.3;12.5;7.2;18;11.8;9.9;;4.9;11.2;Yes;;;;;Yes;Yes;Yes;;;517000.0;Centralized drop-off point;;;;;;;Yes;;;289300;;;;;;;;;;64;;;;;36.0;;;
LTU;ECS;Lithuania;HIC;Kaunas;23.25;5.34;3.01;28.87;10.53;19.66;;2.09;7.52;Yes;Yes;;;;Yes;Yes;Yes;;;292691.0;Centralized drop-off point;Yes;Yes;;;Yes;Yes;Yes;;;130663;20;;;;;;;;;87;;;;;13.0;;;
LVA;ECS;Latvia;HIC;Liepaja;26;8;3;37;6.0;9;;;10.0;;;;;;Yes;;Yes;;;69443.0;;;Yes;;;Yes;Yes;Yes;;;;;;;;;;;;;;;;;;;;;
LVA;ECS;Latvia;HIC;Riga;;;;;;;;;;Yes;;;;;;Yes;Yes;;;643368.0;;No;Yes;No;;Yes;Yes;Yes;;;312346;10;;;;;;;;;;;;;;;;;
MAR;MEA;Morocco;LMC;Rabat;;;;;;;;;;Yes;Yes;;Yes;;Yes;Yes;Yes;;;650000.0;Curbside collection;;;;;;;No;;;237250;20;;1.0;;;;;;;;;;;;3.0;97.0;;
MAR;MEA;Morocco;LMC;Tangier;66;1;1;7;9.0;11;;;5.0;Yes;Yes;Yes;Yes;Yes;Yes;Yes;Yes;50.0;10.0;1100000.0;Curbside collection;;;;;;;No;;;350000;20;;0.0;;;1095;;;;;;;100;;;;;
MAR;MEA;Morocco;LMC;Beni Mellal;65;3;2;17;6.0;7;;;;;;;;;;;;;;192362.0;centralized and curbside;;;;;;;Yes;;;52955;4.5;;;;;;;;;;;;;;;;;
MDA;ECS;Moldova;LMC;Soldanesti;20.2;3.5;0.7;60.9;5.5;9.1;;;;No;Yes;No;Yes;Yes;Yes;Yes;Yes;;;7500.0;Centralized drop-off point;Yes;Yes;Yes;;Yes;Yes;Yes;;;2037.5;;;0.0;;;468;;;;;;;;;;;;
MDA;ECS;Moldova;LMC;Chisinau;74;5;2;10;2.0;5;;1;1.0;Yes;Yes;No;Yes;Yes;Yes;;Yes;;;789534.0;Centralized drop-off point;No;Yes;No;;Yes;Yes;Yes;;;282900;20;;1.0;;;;;;;;;;;;;;;
MDG;SSF;Madagascar;LIC;Antananarivo;24.3;;0.1;54.07;8.2;11.1;;2.1;0.2;Yes;;;;;;;Yes;2717.0;;2610000.0;;;;;;;;;;;401500;10;;;;;;;;;;;;;;;;;
MDV;SAS;Maldives;UMC;Male;48.76;3;3;16.25;12.0;10;;2.75;4.24;Yes;Yes;No;Yes;Yes;No;No;Yes;;;153904.0;Door-to-door collection;No;No;No;Yes;No;No;No;;;87143.57;5;;;;;;;;;;;;100;;;;;
MDV;SAS;Maldives;UMC;Addu;40;3;4;11;7.0;5;;;30.0;Yes;Yes;No;Yes;Yes;No;No;Yes;;;21275.0;Door-to-door collection;No;No;No;No;No;No;No;;;7612;7;;;0;;;;;;;;;100;;;;;
MDV;SAS;Maldives;UMC;Fuahmulah;19.57;2.84;2.13;13.65;4.2;6.93;;1;49.68;Yes;Yes;No;Yes;Yes;No;No;Yes;;100.0;8510.0;Centralized drop-off point;No;No;No;No;No;No;No;;;2510.4699999999998;3;;;0;;;;;;;;;100;;;;;
MEX;LCN;Mexico;UMC;M茅xico City;49.5;2.65;1.45;22.87;9.92;13.16;;0.45;;Yes;;Yes;;;Yes;Yes;Yes;3488.0;;8851080.0;Curbside collection;;;Yes;;;;Yes;;;4705945;;;12.0;;;;;;10.6;66.7;;;;4.2;14.19;1.56;2.75;
MEX;LCN;Mexico;UMC;Guadalajara;;;;;;;;;;;;;;;;;;;;;;;;;;;;;;;;;;;;;;;;;;;;;;;;;
,;33.68;4.03;0.77;22.41;,;,Yes,,,648812,,,;,,;,Yes,;;,2,,,,;,,;,;;",,492.26,,,,,,,,,,,,,,,,,,,,,,8,92,,
MEX,LCN,Mexico,UMC,Monterrey,";,,,,,,;,;;;;,;31.24;3.22;1.8;39.87;7.06;16.18;0.01;0.06;0.54;;;;;;,;,;21;;;;,,;;,Yes,,,40108,Door to door collection,;,;,;,;672600.0;3,25E+05;8614.0;;;,;
MKD;ECS;Macedonia, FYR;UMC;Skopje;15.2;5.5;1.2;48.4;15.3;12.4;;;2.0;No;;;;;Yes;;Yes;4500.0;20.0;503000.0;Centralized drop-off point;;;;;;;No;;5000000;182489;;;;;;;;;;95;;;2;;3.0;;;
MLI;SSF;Mali;LIC;Bamako;36.2;12;14;23;12.8;16;;;;;;;;;;;;;54.0;1933000.0;;;;;;;;;;;330000;;;;;;;;;;;;;;;21.0;;;
MLI;SSF;Mali;LIC;Sikasso;;;;;;;;;;;;;;;;;Yes;;;225000.0;Door-to-door collection;;;;;;;;;;46770;;;;;;;;;;;;25.0;;;;;75;
MMR;EAS;Myanmar;LMC;Mandalay;65;2;1;11;6.0;15;;;;Yes;;;;Yes;Yes;;Yes;;5.0;1000000.0;Multiple;;;;;;;;;;343100;17.5;;;;;;;;;;;;;;5.0;;;
MMR;EAS;Myanmar;LMC;Yangon;69;1;1;10;3.0;8;;;8.0;Yes;;;;Yes;None;;Yes;;;4802000.0;Multiple;;;;;;;No;;8200000;723065;17.5;;;;;;;;;;;;87.66;;4.33;;7.67;
MNE;ECS;Montenegro;UMC;Podgorica;37;11.5;2.6;17.54;13.0;15.61;;2.75;;;;;;;;;;;;190392.0;Curbside collection;Yes;Yes;;;Yes;Yes;;;446986;87808;;;;;;;;;;;;;;;;69.79;30.21;
MNE;ECS;Montenegro;UMC;Kotor;;;;;;;;;;;;;;;;;;;;22515.0;Curbside collection;;;;;;;;;209879;10121;;;1.0;;;;;;;59.98;;;;;;;40.02;
MNG;EAS;Mongolia;LMC;Ulaanbaatar;29.5;4.5;3.5;27;17.5;18;;;;Yes;;None;;Yes;Yes;Yes;;200.0;;1377000.0;Door-to-door collection;;;;;;;Yes;;;1100000;15;;;;;;;;;;;;88.85;;3.2;;7.95;
MNP;EAS;Northern Mariana Islands;HIC;Saipan;;;;;;;;;;;;;;;Yes;Yes;Yes;;;49000.0;;;;;;;;;;;32371.85;;;;;;;;;;;;;;;;;;
MOZ;SSF;Mozambique;LIC;Maputo;68;2;4;4;12.0;10;;;;Yes;;;;;Yes;;Yes;;;1100000.0;Other;;;;;;;No;;;401500;10;;;;;;;;;;;;99;;1.0;;;
MRT;SSF;Mauritania;LMC;Nouakchott;5;4;4;59;7.0;21;;;;Yes;;;;;;;Yes;300.0;;968000.0;Centralized drop-off point;Yes;Yes;Yes;;Yes;Yes;No;;;;25;;9.0;;;;;;;;;;;;;;;
MWI;SSF;Malawi;LIC;Blantyre;;;;;;;;;;;;;;;;;;;;701000.0;;;;;;;;;;;100;;;;;;;;;;;;;;;;;70;
MWI;SSF;Malawi;LIC;Lilongwe;;;;;;;;;;;;;;;;;;;;731000.0;;;;;;;;;;;95000;;;;;;;;;;;;;;;;;70;
MYS;EAS;Malaysia;UMC;Kuala Lumpur;42.02;1.84;5.3;2.53;12.9;24.74;2.45;5.74;2.48;Yes;;;;;;;;;;6837000.0;;Yes;Yes;Yes;Yes;Yes;Yes;Yes;;;1600000;;;;;;;;;;;;;;;10.4;;89.6;
NAM;SSF;Namibia;UMC;Windhoek;36;13;5;10;20.0;16;;;;;;;;;;;;;;227000.0;;;;;;;;;;;57998.5;;;;;;;;;;;;;;;;;;
NER;SSF;Niger;LIC;Niamey;38;;1;57;2.0;2;;;;;;;;;;;Yes;;;816000.0;Door-to-door collection;;;;;;;;;;146000;;;;;;;;;;;;;37.4;52.5;;;10.1;
NGA;SSF;Nigeria;LMC;Ilorin;61;;;32;7.0;;;;;;;;;;;;;;;857000.0;;;;;;;;;;;;;;;;;;;;;;;;;;;;;
NGA;SSF;Nigeria;LMC;Lagos;53;5;5;12;10.0;15;;;;;;;;;;;;;;9000000.0;;;;;;;;;;;1642500;;;;;;;;;;;;;;;;;;
NGA;SSF;Nigeria;LMC;Kano;43;2;5;29;17.0;4;;;;;;;;;;;;;;;;;;;;;;;;;;;;;;;;;;;;;;;;;;;
NGA;SSF;Nigeria;LMC;Oyo;56.7;3.1;2.8;4.2;14.4;18.8;;;;;;;;;;;;;;322000.0;;;;;;;;;;;20000;;;;;;;;;;;;;;;;;;
NGA;SSF;Nigeria;LMC;Ibadan;42;4;5;27;10.0;9;;3;;Yes;;;;;;;Yes;200.0;;3160000.0;Door-to-door collection;;;;;;;No;;;635000;;;0.0;;;;;;;;;;44;;;;56;
NIC;LCN;Nicaragua;LMC;Puerto Cabezas;77;3.07;2.03;8.54;2.6;6.66;;;;Yes;;;;;;;;;;66169.0;Door-to-door collection;;;;;;;;;;14198.5;13;;1.0;;;;;;;;;100.0;;;;;;
NIC;LCN;Nicaragua;LMC;Managua;71.72;1.42;1.28;8.64;8.57;8.37;;;;Yes;;;;;;;No;3465.0;;1002882.0;Multiple;Yes;Yes;;;Yes;Yes;Yes;;;468660;;;;;;;;;;;;87.61;;;8.95;;3.44;
NLD;ECS;Netherlands;HIC;Amsterdam;21.5;8.6;2.9;39.2;18.0;6.4;;;3.4;;;Yes;;;Yes;;;;;799345.0;Other;Yes;Yes;;;Yes;Yes;Yes;;;324302;;;;;;;;;;;;;;;14.0;;86;
NLD;ECS;Netherlands;HIC;Eindhoven;39;3;3;17;19.0;14;;2;6.0;;;;;;;;Yes;;;226879.0;Curbside collection;Yes;Yes;Yes;;Yes;Yes;Yes;;;;;;;;;;;;;;;;;;;;;
NOR;ECS;Norway;HIC;Bergen;20;4;5;28;18.0;8;;14;3.0;;;;;;Yes;;;;;271949.0;;;;;;;;;;;70528;;;;;;;;;;;39.1;14.5;;;46.4;;;
NOR;ECS;Norway;HIC;Oslo;;;;;;5;;;;Yes;;Yes;;;Yes;Yes;;;;986000.0;Curbside collection;Yes;Yes;Yes;;Yes;Yes;Yes;;;360876;;;;;;;;;;;57.85;;;1.547;37.197;3.4;0.006;
NPL;SAS;Nepal;LIC;Butwal;61.13;3.71;1.56;7.85;11.38;13.46;0.91;;;;;;;;No;;Yes;;;120982.0;Centralized drop-off point;Yes;Yes;Yes;Yes;Yes;Yes;;;;9902.4500000000007;;;;;;;;;;;;;;62.7;;;37.3;
NPL;SAS;Nepal;LIC;Pokhara;56.34;4.82;4.18;4.88;17.97;9.92;1.88;;;;;;;;Yes;Yes;Yes;;;264991.0;Door-to-door collection;Yes;Yes;Yes;Yes;Yes;Yes;No;;;42745.15;;;;;;;;;;;;;;;;42.7;57.3;
NPL;SAS;Nepal;LIC;Dhankuta;48.66;0;2.37;13.84;17.12;17.85;0.16;;;;;;;;No;;Yes;;;28364.0;Door-to-door collection;Yes;Yes;Yes;Yes;Yes;Yes;No;;;2701;;;;;;;;;;;;;;;;81.1;18.9;
NPL;SAS;Nepal;LIC;Birgunj;55.08;9.72;1.23;8.58;10.91;14.46;0;;;;;;;;No;;Yes;;;139068.0;Door-to-door collection;Yes;Yes;Yes;Yes;Yes;Yes;;;;13932.05;;;;;;;;;;;;;19.65;19.65;;;60.7;
NPL;SAS;Nepal;LIC;Kathmandu;53.24;3.21;2.09;3.38;17.31;20.14;0.63;;;;;;;;Yes;No;Yes;;;1003285.0;Multiple;Yes;Yes;Yes;Yes;Yes;Yes;No;;;170141.1;26;;1.0;;;;;;;;;;;;;86.9;13.1;
NPL;SAS;Nepal;LIC;Lalitpur;57.07;1.44;0.53;6.55;18.38;15.56;0.46;;;;;;;;Yes;;Yes;;;226728.0;Multiple;Yes;Yes;Yes;Yes;Yes;Yes;No;;;30769.5;43;;1.0;;;;;;;;;;;;;71.2;28.8;
NPL;SAS;Nepal;LIC;Badimalika;51.06;10.57;0.24;18.17;12.97;6.87;0.11;;;;;;;;No;;Yes;;;18207.0;Centralized drop-off point;Yes;Yes;Yes;Yes;Yes;Yes;;;;872.35;0.5;;;;;;;;;;;;100;;;;;
NPL;SAS;Nepal;LIC;Bharatpur;74.23;3.59;1.58;2.81;11.36;5.61;0.82;;;No;;;;;;;Yes;;;147777.0;Door-to-door collection;Yes;Yes;Yes;Yes;Yes;Yes;No;;;21578.799999999999;;;;;;;;;;;;;25.4;;;;74.6;
NPL;SAS;Nepal;LIC;Dharan;50.49;3.7;6.33;9.75;12.95;16.19;0.59;;;;;;;;No;;Yes;;;119915.0;Door-to-door collection;Yes;Yes;Yes;Yes;Yes;Yes;No;;;18585.8;;;;;;;;;;;;;;68.7;;;31.3;
NPL;SAS;Nepal;LIC;Bhimeshwor;51.68;0.52;0.01;26.23;11.17;8.17;2.22;;;No;;;;;;;Yes;;;23337.0;Centralized drop-off point;Yes;Yes;Yes;Yes;Yes;Yes;;;;1036.5999999999999;;;;;;;;;;;;;;;;;;
NPL;SAS;Nepal;LIC;Biratnagar;71.07;0.52;0.21;1.86;13.18;11.99;1.17;;;;;;;;No;;Yes;;;204949.0;Door-to-door collection;Yes;Yes;Yes;Yes;Yes;Yes;;;;21305.05;;;;;;;;;;;;;85.7;;;;14.3;
NPL;SAS;Nepal;LIC;Bhaktapur;62.68;1.17;2.73;8.66;11.35;13.24;0.18;;;;;;;;;;Yes;;;83658.0;Door-to-door collection;Yes;Yes;Yes;Yes;Yes;Yes;;;;10548.5;;;;;;;;;;;;;86.5;;;;13.5;
NZL;EAS;New Zealand;HIC;Auckland;55.5;1.8;2.7;17.4;10.5;11.2;0.1;0.8;;Yes;;;;;Yes;Yes;Yes;;;1414700.0;Curbside collection;;;Yes;;;;;;;226352;;;17.0;;;;;;;;;;;;;;84;
NZL;EAS;New Zealand;HIC;Wellington;19;1.5;1.3;12.2;28.0;38;;;;Yes;Yes;Yes;;;Yes;Yes;Yes;;;383000.0;;Yes;Yes;Yes;;Yes;Yes;;;;302500;;;;13;;;;;1;;;88.0;;;10.0;;1;
OMN;MEA;Oman;HIC;Muscat;;;;;;;;;;Yes;;;;;No;yes;yes;;;838000.0;Curbside collection;;;;;;;No;;;219000;;;;;;;;;;;;;;;;;;
PAK;SAS;Pakistan;LMC;Karachi;21;1.5;0.75;48;4.1;6.4;2.3;2.25;14.0;No;;;;;;;;;;14910352.0;;;;;;;;No;;;2719250;32.5;;;;;254405;;;;60;;;;40.0;;;;
PAK;SAS;Pakistan;LMC;Lahore;65;0.696;0.07;21.824;2.5;0.61;9.53;;;No;Yes;No;No;Yes;Yes;Yes;Yes;;27.0;11126285.0;Door-to-door collection;Yes;Yes;No;;Yes;Yes;No;;81000000;2436656.415;19;;5.0;;;2090621;;;;61.53;6.15;;;;;32.31;0.01;
PAK;SAS;Pakistan;LMC;Sialkot;39.7;7.8;3.4;16.3;12.9;12.8;3.1;4;;Yes;;;;;Yes;;Yes;;;809000.0;;;;;;;;;;;125000;;;;;;;;;;;;;25;;;;75;
PAN;LCN;Panama;HIC;Panam谩 City;45;8;5;4;26.0;12;;;;;;;;;;;Yes;;;1382667.0;;;;;;;;;;;494579.98;;;;;;;;;;;;;;;2.0;65.0;33;
PAN;LCN;Panama;HIC;San Miguelito;;;;;;;;;;;;;;;;;;;;560285.0;;;;;;;;;;;199436;;;;;;;;;;;;;;;;97.5;2.5;
PAN;LCN;Panama;HIC;Col贸n;;;;;;;;;;;;;;;;;;;;250802.0;;;;;;;;;;;59860;;;;;;;;;;;;;74;;;;26;
PER;LCN;Peru;UMC;Cusco;47.9;2.44;3.45;17.07;9.44;11.63;0.54;0.19;7.34;Yes;yes;;yes;;Yes;No;No;175.0;3.0;111340.0;Door-to-door collection;;;;;;;Yes;;;48563;7.5;;1.0;;;6205;;;;;;;69.6;;0.3;;;30.1
PHL;EAS;Philippines;LMC;Cebu;67;1;1;12;4.0;15;;;;Yes;;;;Yes;Yes;Yes;Yes;300.0;37.0;923000.0;Multiple;Yes;Yes;Yes;Yes;Yes;Yes;Yes;47000000.0;;229950;10;;1.0;;;;;;;;;;60;;;40.0;;
PHL;EAS;Philippines;LMC;Quezon City;53.95;1.15;0.86;25.76;8.65;9.64;;;;Yes;;;;Yes;Yes;Yes;Yes;10105.0;31.0;2940000.0;Door-to-door collection;Yes;Yes;Yes;Yes;Yes;Yes;Yes;;;944328;;;0.0;;;198925;;;;61;;;;;42.0;;;
PLW;EAS;Palau;HIC;Koror;7;2;13;7;22.0;48;;;1.0;Yes;;;None;Yes;No;;Yes;3.0;;11754.0;;Yes;Yes;Yes;;Yes;Yes;Yes;;;1369;;;;;;;;;;;;;;;;;;
PNG;EAS;Papua New Guinea;LMC;Port Moresby;29.6;7.1;9.4;12.5;11.5;18.5;11.4;;;Yes;;;;Yes;;;Yes;508.0;3.0;345000.0;Door-to-door collection;;;;;;;;;;107310;;;0.0;;;;;;;61.56;;;;36.73;1.7;;0.01;
POL;ECS;Poland;HIC;Lodzi;;;;;;;;;;;;;;;;;;;;728900.0;;;;;;;;;;;157070.6;;;;;;;;;;;;;;;;;;
POL;ECS;Poland;HIC;Krak贸w;29.22;8.53;2.25;24.93;20.48;14.59;;;;;;;;;;;;;;741208.0;;Yes;Yes;;;Yes;Yes;;;;320500;;;;;;;;;;;;;;;33.0;;80.34;
PRT;ECS;Portugal;HIC;Lisbon;41;5;1.5;24;15.0;13;;0.5;;Yes;;No;;;Yes;;Yes;;;511667.0;Other;;Yes;Yes;;Yes;Yes;Yes;;;291703.71000000002;;;;;;;;;;;;;;;21.8;;78.2;
PRT;ECS;Portugal;HIC;Guimar茫es;36.42;5.19;2;25.26;11.08;12.33;;0.41;;Yes;;;;;;;;;;158100.0;Door-to-door collection;Yes;Yes;;Yes;Yes;Yes;;;;56000;;;;;;;;;;;;;;;;;;
PRY;LCN;Paraguay;UMC;Asunci贸n;37.4;3.5;1.3;23.6;10.2;4.2;0.6;;19.2;Yes;;;;;Yes;Yes;Yes;600.0;;525293.0;Door-to-door collection;;;;;;;No;;;282613;;;0.0;;;;;;;;;;92.2;;;;7.8;
PRY;LCN;Paraguay;UMC;Ciudad Del Este;57.1;1.8;1.6;1.5;11.5;10.3;0.3;;16.0;Yes;;;;;No;;No;;;337608.0;Door-to-door collection;;;;;;;No;;;157731.1;;;;;;;;;;48.8;;;;;;;51.2;
PRY;LCN;Paraguay;UMC;San Lorenzo;20;4;2;52;6.0;12;1;;3.0;Yes;;;;;No;No;Yes;;;283939.0;Door-to-door collection;;;;;;;;;;105711;;;;;;;;;;;;;58.2;;;;41.8;
PSE;MEA;West Bank and Gaza;LMC;Ramallah;;;;;;;;;;;;;;;;;;;;;;;;;;;;;;;;;;;;;;;;;;;;;;;;;
QAT;MEA;Qatar;HIC;Doha;;;;;;;;;;Yes;;No;;Yes;Yes;Yes;Yes;;;718000.0;Curbside collection;;;;;;;;;;359035.9;;;;;;;;;;;;;;;;;;
ROU;ECS;Romania;UMC;Cluj-Napoca;50.5;4.5;2.5;20;11.0;9;;2.5;;Yes;No;Yes;No;No;Yes;Yes;Yes;3226.0;;327000.0;Other;No;Yes;Yes;No;Yes;Yes;Yes;;;112194;8.5;;0.0;;;;;;;;;;;;13.72;;;
ROU;ECS;Romania;UMC;Bucharest;64.52;7.1;3.03;;13.58;9.42;;2.35;;Yes;;Yes;;Yes;Yes;Yes;Yes;;;1868000.0;Other;Yes;Yes;No;No;Yes;Yes;Yes;;;632866.62;17;;3.0;;;;;;;;;;;;9.44;;;
RUS;ECS;Russian Federation;UMC;Moscow;22;16;2;24;17.0;13;1;5;;Yes;;No;;;Yes;No;Yes;;;11461000.0;Centralized drop-off point;;;;;;;;;;5500000;34;;;;;;;;;;;;90;6.0;4.0;;;
RUS;ECS;Russian Federation;UMC;St.petersburg;23.1;6.3;3.5;21.6;29.7;5.8;3.5;6.5;;Yes;;No;;;Yes;;Yes;;;4993000.0;Centralized drop-off point;No;No;No;No;No;No;No;;;2300000;;;;;;;;;;;;80.0;;3.0;10.0;;7;
RUS;ECS;Russian Federation;UMC;Kemerovo;17;3;7;15;45.0;13;;;;Yes;;;;Yes;;;Yes;;;533000.0;Centralized drop-off point;;;;;;;Yes;;;189254;;;;;;;;;;;;;98.1;;1.9;;;
RWA;SSF;Rwanda;LIC;Kigali;66.86;1.36;1.93;2;16.13;1.5;0.36;2.9;6.93;Yes;No;No;No;Yes;;;Yes;;;1257000.0;;;;;;;;;;;871729.5;;;;;;;;;;25;;;;;;;75;
RWA;SSF;Rwanda;LIC;Nyagatare;;;;;;;;;;Yes;No;No;No;Yes;;;Yes;;;465855.0;;;;;;;;;;;;5;;;;;;;;;;;;;;;;;
SAU;MEA;Saudi Arabia;HIC;Jeddah;45;3;2;5;14.0;16;4;6;5.0;Yes;;;;;yes;yes;yes;;;4076000.0;Curbside collection;;;;;;;No;;;2200000;40;;;;;;;;;;;;;;;;;
SAU;MEA;Saudi Arabia;HIC;Riyadh;55.9;3.2;2.4;13;12.2;13.3;;;;Yes;;No;;Yes;Yes;Yes;Yes;;;6370000.0;Curbside collection;;;;;;;No;;;4380000;;;;;;;;;;85;;;;;;;15;
SEN;SSF;Senegal;LIC;Rufisque;;;;;;;;;;Yes;;Yes;;No;Yes;Yes;Yes;1000.0;;300000.0;Door-to-door collection;Yes;Yes;Yes;No;Yes;Yes;No;;;76650;;;;;;;;;;;;;;;;;;
SLB;EAS;Solomon Islands;LMC;Honiara;53;1.1;9.2;7.2;6.6;19.5;3.4;;;Yes;;;;;;;Yes;50.0;;78000.0;Door-to-door collection;;;;;;;No;;;29000;6;;;;;;;;;;;;;;;;;
SLE;SSF;Sierra Leone;LIC;Freetown;59.2;1.2;6.2;21.8;;0.9;;;;;;;;;;;;;;800000.0;;;;;;;;;;;163520;;;;;;;;;;;;;;;;;45;
SLV;LCN;El Salvador;LMC;San Salvador;58;2;2;8;19.0;11;;;;Yes;;;;;No;;Yes;;;1097000.0;Other;;;;;;;;;;293747;29;;;;;;;;;;;;;;;65.4;34.6;
SOM;SSF;Somalia;LIC;Hargeysa;21.2;5.2;2.5;35.2;19.9;16;;;;;;;;;;;;;;607000.0;;;;;;;;;;;80000;;;;;;;;;;;;;;;;;;
SRB;ECS;Serbia;UMC;Belgrade;30.93;6.84;2.38;14.96;22.69;14.92;0.61;;6.68;Yes;;;;Yes;Yes;;Yes;;;1392691.0;Curbside collection;Yes;No;No;;Yes;Yes;No;;200000000;781692;;;;;;;;;;;;;;;;;;
SRB;ECS;Serbia;UMC;Novi Sad;40.73;11.19;1.41;9.11;16.26;12.08;0.03;;9.17;Yes;;;;;Yes;;;;;314192.0;Centralized drop-off point;;;;;;;No;;;120773;;;;;;;;;;;;;;;2.0;;98;
SSD;SSF;South Sudan;LIC;Juba;31;5;7;25;12.0;20;;;;Yes;No;No;No;Yes;;;Yes;;;321000.0;;;;;;;;;;;130053.15;13;;;;;;;;;;;;;;;;;
SVK;ECS;Slovak Republic;HIC;Trnava;42.35;32.58;;14.7;4.36;5.78;0.24;;;Yes;;Yes;;;Yes;;Yes;;;65536.0;;;;;;;;;;;60816;;;;;;;;;;82.42;0.34;;0.56;6.9;9.79;;;
SVK;ECS;Slovak Republic;HIC;Bratislava;50.17;15;1;;27.0;9;;;;Yes;;;;;Yes;;Yes;;;415589.0;Curbside collection;Yes;Yes;Yes;Yes;Yes;Yes;Yes;;;140594;;;;;;;;;;32.01;41.02;;0.43;16.73;9.81;;;
SVN;ECS;Slovenia;HIC;Ljubljana;;;;;;;;;;Yes;;;;;Yes;;Yes;;;309261.0;Other;Yes;Yes;Yes;Yes;Yes;Yes;Yes;;;98410;;;;;;;;;;;;39.0;;;61.0;;;
SWE;ECS;Sweden;HIC;Bor氓s;11;4;4.2;48.2;10.0;0.7;;10;5.0;Yes;;;;;Yes;;Yes;0.0;;106000.0;Curbside collection;Yes;Yes;Yes;;Yes;Yes;Yes;;;25500;;;;;;;;;;1;55;;;15.5;29.0;;;
SWE;ECS;Sweden;HIC;Stockholm;37.6;4.5;2;18;24.8;10.2;;0.2;2.8;Yes;;;;;;;;;;897700.0;Other;Yes;Yes;Yes;;Yes;Yes;Yes;;;399133;;;;;;;;;;3;71.1;;;5.0;21.0;;;
SYR;MEA;Syrian Arab Republic;LIC;Damascus;57.3;2.9;4;22.3;6.6;6.9;;;;No;;No;;No;;;;;;2566000.0;;;;;;;;;;;1095000;;;;;;;;;;;;;;;;;;
TGO;SSF;Togo;LIC;Lome;38;;;36;;;;26;;;;;;;;;;;;956000.0;Door-to-door collection;;;;;;;No;;;311000;;;;;;;;;;;;;;;;;;
THA;EAS;Thailand;UMC;Bangkok;42.72;2.7;1.15;6.41;15.18;25.01;0.83;;5.99;Yes;;Yes;;Yes;Yes;Yes;Yes;;;9270000.0;Door-to-door collection;Yes;Yes;Yes;Yes;Yes;Yes;Yes;;;4190000;;;3.0;;;;;;48.7;;;;;;11.85;39.45;;
TJK;ECS;Tajikistan;LIC;Dushanbe;;;;;;;;;;Yes;;No;;Yes;No;No;Yes;;;679400.0;Centralized drop-off point;;;;;;;;;;257000;;;;;;;;;;;;;;;;;;
TJK;ECS;Tajikistan;LIC;Khujand;4.5;;5;55.5;25.0;10;;;;Yes;;No;;Yes;No;No;Yes;;;144865.0;;;;;;;;;;;51974;;;;;;;;;;;;;;;;;;
TKM;ECS;Turkmenistan;UMC;Ashgabat;19;4;3;34;7.0;3;1;1;28.0;;;;;;No;No;Yes;;;746000.0;;;;;;;;;;;164000;;;;;;;;;;;;;;;;;;
TLS;EAS;Timor-Leste;LMC;Dili;12;2;1;17;18.0;18;;;33.0;Yes;;;;;;;Yes;;;234331.0;Door-to-door collection;;;;;;;;;;54750;25;;0.0;;;;;;;;;;;;;;;
TON;EAS;Tonga;UMC;Tongatapu;51.3;5.9;9;8.9;7.4;13.4;4.1;;;Yes;;;;Yes;;;;;;69211.0;Door-to-door collection;Yes;Yes;Yes;;Yes;Yes;Yes;;500000;10950;;;;;;;;;;;;;;;;;;
TON;EAS;Tonga;UMC;Vavau;51.3;5.9;9;8.9;7.4;13.4;4.1;;;Yes;;;;;;;Yes;;;14936.0;;;;;;;;;;;5515;;;;;;;;;1.5;27.4;;;;12.3;5.1;;53.7;
TUN;MEA;Tunisia;LMC;Tunis;46.7;2.48;2.8;17;21.31;10.15;;;;Yes;No;No;No;Yes;No;No;Yes;300.0;;700000.0;Curbside collection;;;;;;;Yes;;;220000;15;;8.0;;;;;;;;;;4;;3.0;93.0;;
TUN;MEA;Tunisia;LMC;Sfax;68;2;4;5;10.0;11;;;;Yes;Yes;Yes;No;Yes;Yes;Yes;Yes;;;300000.0;Curbside collection;;;;;;;Yes;;;77000;40;;2.0;;;;;;;;;;;;2.0;98.0;;
TUN;MEA;Tunisia;LMC;Sousse;65;3;2;12;9.0;9;;;;;;;;;;;;150.0;6.0;170000.0;;;;;;;;;;;70000;;;;;;;;;;63;;;;;6.0;;;
TUR;ECS;Turkey;UMC;Sakarya Mm;40.6;4.4;2.4;24.5;11.8;15.9;;;0.5;;;;;;;;;;;925662.0;;;;;;;;Yes;;;358139;;;0.0;;;;;;;;;;;;2.49;;97.51;
TUR;ECS;Turkey;UMC;Bursa Mm (Metropolitan Municipality);39.4;4.9;0.5;21.3;18.5;15.5;;;;;;;;;Yes;Yes;;;;2764826.0;;;;;;;;;;;1069711;;;;0;;;;;;;;;;;;;;
TUV;EAS;Tuvalu;UMC;Funafuti;52.4;9.5;9.8;8.5;10.4;9.3;;;;Yes;;;;Yes;No;;Yes;;;6000.0;Door-to-door collection;;;Yes;;Yes;;No;;;;;;0.0;;;;;;;;;;;;;;;
TZA;SSF;Tanzania;LIC;Dar Es Salaam;45;2.9;1.7;18.5;4.1;2;1;;25.1;No;;No;;;;;;;;4364541.0;Multiple;;;;;;;No;;;1496500;40;;;;;;;;;;;;;18.0;13.0;28.0;41;
TZA;SSF;Tanzania;LIC;Moshi;65;3;2;12;9.0;9;;;;;;;;;;;;;;183520.0;;;;;;;;;;;62050;;;;;;;;;20;49;;;;;;;31;
TZA;SSF;Tanzania;LIC;Mountain Kilimanjaro;55;1;8;3;9.0;24;;;;;;;;;;;;;;210000.0;;;;;;;;;;;50000;;;;;;;;;;;;;;;;;;
UGA;SSF;Uganda;LIC;Kampala;73.8;0.9;3.1;7.2;5.5;1.6;;;8.0;;;;;;;;;380.0;;1936000.0;;;;;;;;;;;840000;12;;;;;;;;;100;;;;;;;;
UKR;ECS;Ukraine;LMC;Pavlograd;20.6;10.5;0.6;42.8;11.5;12.6;1.2;0.3;;Yes;;No;;No;;;Yes;;;109885.0;Other;No;No;No;Yes;No;No;No;;;84600;2;;;;;;;;;;;;;;;;;
UKR;ECS;Ukraine;LMC;Kiev;35;10;1;36;10.0;7;;1;;Yes;;;;;;;;;;2942000.0;;;;;Yes;Yes;;Yes;;;1100000;;;;;;;;;;;23;70.6;;;6.4;;;
URY;LCN;Uruguay;HIC;Montevideo;40.95;5.73;2.06;13.55;19.05;15.87;0.43;;2.35;Yes;;;;;Yes;Yes;;3188.0;15.0;1319108.0;Centralized drop-off point;Yes;Yes;Yes;;Yes;Yes;Yes;;;481800;;;0.0;;;;;;;71;;;;;29.0;;;
USA;NAC;United States;HIC;Seattle;53.8;2.3;3.1;8.8;20.3;11.5;;;;Yes;;Yes;;;Yes;Yes;Yes;;;631350.0;Curbside collection;;;;;;;;;;720904;;;;;;;;;;41.95;;;;;58.04;;;
USA;NAC;United States;HIC;Washington Dc;83.86;;0.1;15.94;0.11;;;;;Yes;;;;;;;Yes;;;693972.0;Curbside collection;Yes;Yes;Yes;;Yes;Yes;;;;479930.77;;;;;;;;;1;56;;;;;11.0;;;
USA;NAC;United States;HIC;Ann Arbor;;;;;;;;;;Yes;;;;;Yes;Yes;Yes;;;307000.0;;Yes;Yes;;Yes;Yes;Yes;;;;200767.82;;;;;;;;;;;;;;;31.0;;;
UZB;ECS;Uzbekistan;LMC;Namangan;;;;;;;;;;;;;;;;;;;;521000.0;;;;;;;;;;;;;;;;;;;;;;;;;;;;;
UZB;ECS;Uzbekistan;LMC;Tashkent;38.4;3.7;3.4;21;18.9;;0.8;4.9;8.9;Yes;;No;;;No;No;Yes;;;2251000.0;Centralized drop-off point;No;No;No;;No;No;No;;;500000;;;;;;;;;;;;;;;;;;
VEN;LCN;Venezuela, RB;UMC;Caracas;50;;;50;;;;;;Yes;No;Yes;;;No;;Yes;600.0;;3220540.0;Centralized drop-off point;;;;;;;;;;1787940;30;;2.0;;;;;;;;;;;;0.9;99.1;;
VNM;EAS;Vietnam;LMC;Hanoi;59.1;2.4;0.9;19.8;5.9;8.6;0.5;;2.6;Yes;;;;Yes;;;Yes;6000.0;;3629000.0;Door-to-door collection;Yes;Yes;Yes;;Yes;Yes;No;;;2390750;33;;;;;;;;2;;5.4;10.91;;;8.2;63.64;10;
VNM;EAS;Vietnam;LMC;Ho Chi Minh City;69;;0.2;10.8;3.0;16;1.1;1;;Yes;;;;Yes;;;;16000.0;;7981900.0;Door-to-door collection;;;;;;;No;;;2518500;;;32.0;;;;;;15;;;;;;;85.0;;
VUT;EAS;Vanuatu;LMC;Port Vila;62.8;7.8;4.6;9.4;6.1;7.9;1.4;;;Yes;;;;Yes;;;;20.0;;44039.0;Door-to-door collection;;;;;;;;;;27000;23;;;;;;;;;;;;;;;;;
WSM;EAS;Samoa;UMC;Upolu (Apia);3.8;2.17;8.83;26.22;7.2;13.04;;;38.7;Yes;Yes;;Yes;;;;Yes;20.0;;147184.0;Door-to-door collection;;;Yes;;;Yes;Yes;;2280000;;16.09;No;;;;104;;;;;;;;;;;;
XKX;ECS;Kosovo;LMC;Gjilan;;;;;;;;;;No;Yes;;Yes;No;Yes;Yes;Yes;100.0;;90015.0;;No;No;No;No;No;No;No;;;27000;;;;;;;;;;;;100.0;;;0.0;;;
XKX;ECS;Kosovo;LMC;Pristina;40.87;4.45;1.18;24.72;12.83;14.78;;1.17;;Yes;;;;;;;;;;210000.0;Other;;;;;;;;;;130928;;;;;;;;;;80;;;10;;10.0;;;
YEM;MEA;Yemen, Rep.;LIC;Sana谩;65;1;6;6;7.0;10;1;3;1.0;Yes;;;;Yes;No;No;Yes;;;2330689.0;Door-to-door collection;;;;;;;No;;4628571;510420.89;17;;1.0;;;89324;;;;53;;;;;12.0;;30;5.0
ZAF;SSF;South Africa;UMC;Johannesburg;;;;;;;;;;Yes;;No;;;Yes;Yes;Yes;;;4434827.0;;;;;;;;No;;;1867000;;;;;;;;;5;;;95.0;;;;;;
ZAF;SSF;South Africa;UMC;Cape Town;47;4;14;22;7.0;6;;;;;;;;;;;;;;3430000.0;;;;;;;;;;;1251950;;;;;;;;;;;;;;;;;;
ZAF;SSF;South Africa;UMC;Soweto;9;12;3;64;9.0;3;;;;;;;;;;;;;;;;;;;;;;;;;;;;;;;;;;;;;;;;;;;
ZAF;SSF;South Africa;UMC;Bloemfontein;42.6;9.6;4.4;7.5;18.2;17.7;;;;Yes;;;;;;;;;;256185.0;;;;;;;;No;;;;;;;;;;;;;32.3;;;;;;;67.7;
ZAF;SSF;South Africa;UMC;Durban;42.5;7.1;6.9;6.8;19.3;17.4;;;;;;;;;;;;;;2739000.0;;;;;;;;;;;1421541;;;;;;;;;;;;;;;;;;
ZMB;SSF;Zambia;LMC;Ndola;40;;;16.66;5.0;8.33;;;30.0;;;;;;;;;;;453000.0;;;;;;;;;;;85979.4;;;;;;;;;;;;;;;;;;
ZMB;SSF;Zambia;LMC;Lusaka;40;2;2;40;9.0;7;;;;;;;;;;;;480.0;2.0;1719000.0;;;;;;;;;;;530000;;;;;;;;;;26;;;;;6.0;;68;
ZWE;SSF;Zimbabwe;LIC;Kadoma City;60;3;3;22;5.0;7;;;;;;;;;;;;;;;;;;;;;;;;;;;;;;;;;;;;;;;;;;;
ZWE;SSF;Zimbabwe;LIC;Mbare;28;2;12;25;6.0;11;;;16.0;;;;;;;;;;;;;;;;;;;;;;;;;;;;10950;;;10;51;;;24;15.0;;;;
ZWE;SSF;Zimbabwe;LIC;Norton;62.3;2.7;4.9;16.2;4.8;9.1;;;;;;;;;;;;;;58421.0;;;;;;;;;;;14021.039999999999;;;;;;;;;;;;;;;;;;
ZWE;SSF;Zimbabwe;LIC;Chinhoyi;62.8;3.5;5.4;14.7;5.0;8.6;;;;;;;;;;;;;;98000.0;;;;;;;;;;;25480;;;;;;;;;;;;;;;;;;
ZWE;SSF;Zimbabwe;LIC;Harare;22.61;6.45;;32.74;19.69;18.1;;;;Yes;;;;;;;;;;1379000.0;Door-to-door collection;;;;;;;No;;;352334.5;;;;;;10950;;;;;;;;;;;;
ZWE;SSF;Zimbabwe;LIC;Gweru;62.4;3;3.8;13.9;6.7;10.2;;;;;;;;;;;;;;157865.0;;;;;;;;;;;37887.599999999999;;;;;;;;;;;;;;;;;;
ZWE;SSF;Zimbabwe;LIC;Kariba;52;2;3;25;7.0;11;;;;;;;;;;;;;;26512.0;;;;;;;;;;;7423.3600000000006;;;;;;;;;;;;;;;;;;
ZWE;SSF;Zimbabwe;LIC;Masvingo City;15;4;5;6;30.0;40;;;;;;;;;;;;;;;;;;;;;;;;;;;;;;;;;;;;;;;;;;;
ZWE;SSF;Zimbabwe;LIC;Sakubva;32;5;6;7;27.0;23;;;;;;;;;;;;;;;;;;;;;;;;;;;;;;;10950;;;;;;;;;;;;
